Timestamp,Shift,Heat Number,Casting Speed,Mold Level,Downtime,Production,Temperature,Water Flow,Hydraulic Pressure,Alarm,Alarm Severity,Downtime Category,Machine Status,PLC_Status,Mold_Status,Oscillation_Status,Hydraulic_Status,Water_Cooling_Status,Shear_Status,Roller_Table_Status
2026-01-01 06:00:00,Morning,10457,1.1591415123926327,79.47098354668333,0.0,14.177020339986726,1517.4206139809282,1900.202102648787,120.27014007244608,No Alarm,None,None,Running,Healthy,Healthy,Healthy,Healthy,Healthy,Healthy,Healthy
2026-01-01 06:10:00,Morning,10970,1.125463714653353,79.93037772202085,0.0,14.754430043337187,1521.4443471944564,1907.0061025694185,120.53498894518489,No Alarm,None,None,Running,Healthy,Warning,Healthy,Healthy,Warning,Healthy,Healthy
2026-01-01 06:20:00,Morning,10155,1.185819451295388,80.41693488282995,0.0,15.019564357142785,1512.3248589526293,1905.2028728687974,122.22886833605943,No Alarm,None,None,Running,Warning,Healthy,Healthy,Healthy,Healthy,Healthy,Healthy
2026-01-01 06:30:00,Morning,10584,1.198124477414946,80.33014725623734,0.0,14.48826592306941,1519.8409320784865,1915.7387439338781,122.5012010528621,No Alarm,None,None,Running,Healthy,Healthy,Warning,Healthy,Healthy,Healthy,Healthy
2026-01-01 06:40:00,Morning,10680,1.1179166735551196,80.230566597032,0.0,13.367800500756395,1516.764693442276,1906.8452141316052,118.75352301291998,No Alarm,None,None,Running,Healthy,Healthy,Healthy,Healthy,Healthy,Healthy,Healthy
2026-01-01 06:50:00,Morning,10797,1.1438409294994176,80.33738686065189,0.0,13.144764209409512,1518.9944822160364,1902.4606262281413,123.53084387693937,No Alarm,None,None,Running,Healthy,Healthy,Healthy,Healthy,Healthy,Healthy,Healthy
2026-01-01 07:00:00,Morning,10010,1.1930985757105566,80.43420348214123,0.0,15.117245420888732,1513.2447188005294,1931.3925366372516,122.18367954896532,No Alarm,None,None,Running,Healthy,Healthy,Healthy,Healthy,Healthy,Healthy,Healthy
2026-01-01 07:10:00,Morning,10635,1.1860119826997637,80.47440979236688,9.0,14.576938500671094,1521.4133870163068,1913.1594053299004,122.15923163368771,Roller Jam,Low,Electrical,Stopped,Healthy,Healthy,Healthy,Healthy,Healthy,Healthy,Healthy
2026-01-01 07:20:00,Morning,10148,1.201090728898274,81.84020785551503,13.0,13.353097241583963,1520.081638616799,1915.78872536751,124.07796845294887,Roller Jam,High,Electrical,Stopped,Healthy,Healthy,Healthy,Healthy,Healthy,Healthy,Healthy
2026-01-01 07:30:00,Morning,10428,1.181939746805297,81.14146256850923,0.0,14.399246424127632,1518.3824491859243,1922.059272367224,125.1931267886009,No Alarm,None,None,Running,Healthy,Healthy,Healthy,Healthy,Healthy,Healthy,Healthy
2026-01-01 07:40:00,Morning,10054,1.2396717855385087,81.46496890155595,11.0,14.865173498752892,1520.4481860279864,1925.2722410000213,123.07994437650319,Water Flow Alarm,Critical,Process,Stopped,Healthy,Healthy,Healthy,Healthy,Healthy,Healthy,Healthy
2026-01-01 07:50:00,Morning,10058,1.2421870972201963,80.99473571762584,0.0,16.630313029771916,1517.2677595788398,1923.6805244701122,126.19273586083769,No Alarm,None,None,Running,Healthy,Healthy,Healthy,Healthy,Healthy,Healthy,Healthy
2026-01-01 08:00:00,Morning,10767,1.2261852972952048,81.18782380633743,0.0,14.135371187864742,1518.068539573206,1928.554772460389,126.50824113284128,No Alarm,None,None,Running,Warning,Healthy,Healthy,Healthy,Healthy,Healthy,Warning
2026-01-01 08:10:00,Morning,10718,1.2631436828352276,81.03986440559441,0.0,14.780350475626507,1518.6828797118249,1930.1689130651282,125.83772054806256,No Alarm,None,None,Running,Healthy,Healthy,Healthy,Healthy,Healthy,Healthy,Healthy
2026-01-01 08:20:00,Morning,10896,1.2482290254051696,80.31848413491296,0.0,16.37984156773861,1515.521921843676,1933.5428851639429,124.8715500236583,No Alarm,None,None,Running,Healthy,Healthy,Warning,Healthy,Healthy,Healthy,Healthy
2026-01-01 08:30:00,Morning,10701,1.2130424484970272,80.87227321829424,0.0,16.112764816437615,1522.607506315695,1914.7989397204174,124.80971631459717,No Alarm,None,None,Running,Healthy,Healthy,Healthy,Healthy,Healthy,Healthy,Healthy
2026-01-01 08:40:00,Morning,10596,1.2542271540785541,80.73365938005281,12.0,15.156351368873977,1523.7178327626527,1950.0708192484637,127.2285601761453,Hydraulic Pressure Drop,High,Process,Stopped,Healthy,Healthy,Healthy,Healthy,Warning,Warning,Healthy
2026-01-01 08:50:00,Morning,10117,1.2184540894972058,80.58230476838129,0.0,14.788216042748834,1519.2568828667129,1935.0548679556189,124.13652163891972,No Alarm,None,None,Running,Healthy,Healthy,Healthy,Healthy,Healthy,Healthy,Healthy
2026-01-01 09:00:00,Morning,10766,1.2773300272161656,81.01809889018685,0.0,16.397990117789387,1522.1371228168819,1941.926544394265,127.12045033825218,No Alarm,None,None,Running,Healthy,Healthy,Warning,Healthy,Healthy,Healthy,Healthy
2026-01-01 09:10:00,Morning,10231,1.2529231157321017,82.02986439089698,0.0,14.032569088789554,1520.8434728517418,1927.1395072034431,125.47956153516796,No Alarm,None,None,Running,Healthy,Healthy,Healthy,Healthy,Healthy,Healthy,Healthy
2026-01-01 09:20:00,Morning,10107,1.251997193217237,81.4753374695459,0.0,14.347129336061572,1522.5524527836658,1935.1095139645383,125.34078316138266,No Alarm,None,None,Running,Healthy,Healthy,Warning,Healthy,Healthy,Healthy,Healthy
2026-01-01 09:30:00,Morning,10733,1.2399055111783321,81.99220442523938,0.0,15.302305509133655,1520.3704427017246,1934.039462268975,123.12955095339726,No Alarm,None,None,Running,Warning,Healthy,Healthy,Healthy,Healthy,Healthy,Healthy
2026-01-01 09:40:00,Morning,10589,1.2994595234572237,81.6129950113966,0.0,17.328167439505684,1519.9210959902723,1951.5411262734708,124.67491846676323,No Alarm,None,None,Running,Healthy,Healthy,Healthy,Warning,Healthy,Healthy,Healthy
2026-01-01 09:50:00,Morning,10150,1.2602492775899012,81.72419465553006,0.0,15.448104908157047,1524.9322987371436,1935.285424910485,125.21053389227397,No Alarm,None,None,Running,Warning,Warning,Healthy,Warning,Healthy,Healthy,Warning
2026-01-01 10:00:00,Morning,10550,1.253782713498704,81.00358734211669,13.0,15.742939672948408,1522.2966362249267,1946.047584017181,122.44908697788452,Mold Level Low,Medium,Electrical,Stopped,Healthy,Healthy,Healthy,Healthy,Healthy,Healthy,Healthy
2026-01-01 10:10:00,Morning,10691,1.2574560433372302,81.51683516883897,0.0,16.511853032510185,1527.6471493319784,1934.612954688685,124.18919590532595,No Alarm,None,None,Running,Healthy,Healthy,Healthy,Healthy,Healthy,Healthy,Healthy
2026-01-01 10:20:00,Morning,10499,1.2850126613721164,81.53297622181869,0.0,17.537477580446158,1522.824240395323,1935.8518450980937,123.19982293534362,No Alarm,None,None,Running,Healthy,Healthy,Healthy,Healthy,Healthy,Healthy,Healthy
2026-01-01 10:30:00,Morning,10718,1.2806627203234089,80.93645087843841,0.0,15.604490072838793,1520.490591761737,1936.9895039135224,121.7917725448042,No Alarm,None,None,Running,Fault,Healthy,Warning,Healthy,Healthy,Healthy,Healthy
2026-01-01 10:40:00,Morning,10505,1.2823680417511718,81.30844497085396,0.0,16.01781481527625,1525.9509500309975,1948.532710514009,123.035536604725,No Alarm,None,None,Running,Healthy,Healthy,Healthy,Healthy,Healthy,Healthy,Healthy
2026-01-01 10:50:00,Morning,10354,1.2828271263871585,81.22109516658269,0.0,17.31077773477947,1524.5187043386659,1922.2811823557975,118.79278785250963,No Alarm,None,None,Running,Healthy,Healthy,Healthy,Healthy,Warning,Healthy,Healthy
2026-01-01 11:00:00,Morning,10224,1.3336983829563256,80.6778871677039,9.0,15.605690294320068,1524.7971420520737,1925.8465886308318,121.26273694685165,Hydraulic Pressure Drop,High,Process,Stopped,Healthy,Healthy,Healthy,Healthy,Warning,Healthy,Healthy
2026-01-01 11:10:00,Morning,10259,1.2564343882706577,80.34545851826927,0.0,16.424736602770896,1525.9747718106846,1919.603756179184,122.19280616428769,No Alarm,None,None,Running,Healthy,Warning,Healthy,Healthy,Healthy,Healthy,Healthy
2026-01-01 11:20:00,Morning,10810,1.252071402663754,80.21225760719442,0.0,14.938071660644045,1521.3645980897177,1925.1361735605462,121.37768690635531,No Alarm,None,None,Running,Healthy,Healthy,Healthy,Healthy,Healthy,Healthy,Warning
2026-01-01 11:30:00,Morning,10374,1.2414749766034636,80.60709370484709,0.0,15.590167864515506,1522.6567869551682,1925.8470557432468,119.52129389978673,No Alarm,None,None,Running,Healthy,Healthy,Healthy,Healthy,Healthy,Healthy,Healthy
2026-01-01 11:40:00,Morning,10717,1.2824594275280652,80.58590464856752,0.0,15.860909510920623,1522.5046939049003,1917.7839922866392,118.10473645648199,No Alarm,None,None,Running,Warning,Healthy,Healthy,Healthy,Healthy,Healthy,Healthy
2026-01-01 11:50:00,Morning,10360,1.2955894002421684,80.01754098883116,0.0,15.524259382536243,1519.6450212327024,1923.0502532966157,117.13233756600512,No Alarm,None,None,Running,Healthy,Healthy,Healthy,Healthy,Healthy,Healthy,Healthy
2026-01-01 12:00:00,Morning,10526,1.2556972674894356,80.22231414862024,0.0,15.00804449425715,1522.13180567163,1910.9008113745788,116.98136638754411,No Alarm,None,None,Running,Fault,Healthy,Healthy,Healthy,Healthy,Warning,Healthy
2026-01-01 12:10:00,Morning,10608,1.2309697664546384,80.31555436803431,0.0,15.580612135660608,1526.0311502684945,1916.849671509562,117.47355185205053,No Alarm,None,None,Running,Healthy,Healthy,Healthy,Warning,Healthy,Healthy,Healthy
2026-01-01 12:20:00,Morning,10478,1.2281711791602754,80.20966920717336,0.0,16.04901726921732,1523.1637459609838,1932.4609571286915,115.3601600877924,No Alarm,None,None,Running,Healthy,Healthy,Healthy,Healthy,Healthy,Healthy,Healthy
2026-01-01 12:30:00,Morning,10744,1.2688370258898563,80.45845934625383,0.0,15.769647481391251,1519.0665244004183,1923.8487594351075,116.7823116265566,No Alarm,None,None,Running,Healthy,Healthy,Healthy,Healthy,Healthy,Healthy,Healthy
2026-01-01 12:40:00,Morning,10925,1.2677240319788692,80.224940388566,0.0,15.895629610849117,1518.384780885443,1919.7906464428127,118.01897764975642,No Alarm,None,None,Running,Healthy,Healthy,Healthy,Healthy,Warning,Healthy,Healthy
2026-01-01 12:50:00,Morning,10862,1.257533749277292,79.19205617450373,0.0,16.118993712369882,1526.2608390959376,1907.8582640003972,115.01607745146066,No Alarm,None,None,Running,Healthy,Healthy,Healthy,Warning,Healthy,Healthy,Healthy
2026-01-01 13:00:00,Morning,10922,1.216805014589938,80.14725964228079,0.0,14.529929541265153,1521.6798774075532,1901.1108463338783,113.1572716015785,No Alarm,None,None,Running,Healthy,Healthy,Healthy,Healthy,Healthy,Healthy,Healthy
2026-01-01 13:10:00,Morning,10030,1.2389985893692144,79.14633884536833,0.0,16.005267123004224,1520.076664812134,1901.745779562217,112.88931068392357,No Alarm,None,None,Running,Healthy,Healthy,Healthy,Healthy,Healthy,Healthy,Healthy
2026-01-01 13:20:00,Morning,10760,1.2305446423489608,79.66603355209925,0.0,15.955348197303833,1520.7829918183143,1907.9246072364674,115.2222662187168,No Alarm,None,None,Running,Warning,Healthy,Healthy,Healthy,Healthy,Healthy,Healthy
2026-01-01 13:30:00,Morning,10727,1.2283773151943451,79.16985267230693,0.0,17.177254849054602,1517.53131618931,1912.590214560208,114.06312387925689,No Alarm,None,None,Running,Healthy,Healthy,Healthy,Healthy,Healthy,Healthy,Warning
2026-01-01 13:40:00,Morning,10413,1.242510510503501,78.87832218434193,0.0,15.268108447902055,1524.523379571193,1910.2131754192797,115.09005105347607,No Alarm,None,None,Running,Healthy,Healthy,Healthy,Healthy,Healthy,Healthy,Warning
2026-01-01 13:50:00,Morning,10315,1.2174217177630584,78.22726783119657,0.0,14.89711421087054,1519.7091544783616,1905.375267953999,113.36009935562417,No Alarm,None,None,Running,Healthy,Healthy,Healthy,Warning,Healthy,Warning,Healthy
2026-01-01 14:00:00,Evening,10054,1.2252401220884541,78.79617045295157,0.0,15.853777636207298,1523.8222092637554,1891.7645793503532,115.01976060403275,No Alarm,None,None,Running,Healthy,Healthy,Healthy,Healthy,Healthy,Healthy,Healthy
2026-01-01 14:10:00,Evening,10839,1.2008896345006053,78.16337144310023,0.0,15.584493349496064,1520.2312469031942,1895.206471913396,113.91532531611433,No Alarm,None,None,Running,Healthy,Healthy,Healthy,Healthy,Healthy,Healthy,Healthy
2026-01-01 14:20:00,Evening,10841,1.2013746209288274,79.10479078347885,0.0,14.642621754246644,1523.3616070892529,1889.8065412446826,113.36744948563243,No Alarm,None,None,Running,Healthy,Healthy,Healthy,Healthy,Healthy,Healthy,Healthy
2026-01-01 14:30:00,Evening,10076,1.2053467028592988,79.26423302551282,0.0,14.7846199118902,1520.103205986739,1888.1688378109689,113.96391373147074,No Alarm,None,None,Running,Healthy,Healthy,Healthy,Healthy,Healthy,Healthy,Healthy
2026-01-01 14:40:00,Evening,10583,1.1362880569599334,78.28771385237518,0.0,14.582392298751795,1521.2570926317444,1903.5218662345417,113.2628068391712,No Alarm,None,None,Running,Healthy,Healthy,Warning,Healthy,Healthy,Healthy,Healthy
2026-01-01 14:50:00,Evening,10552,1.163914693327711,78.68590046597134,0.0,13.969624698082123,1520.57397694554,1870.6320857521148,117.39362681695452,No Alarm,None,None,Running,Healthy,Healthy,Healthy,Healthy,Healthy,Healthy,Healthy
2026-01-01 15:00:00,Evening,10173,1.1528232213384002,78.24354821469916,0.0,14.122916475119492,1519.9772667075006,1880.4217677408278,115.2477548983939,No Alarm,None,None,Running,Healthy,Healthy,Healthy,Healthy,Healthy,Healthy,Healthy
2026-01-01 15:10:00,Evening,10549,1.1411453834406766,78.26108030003113,0.0,14.327032230166363,1518.9231241293755,1889.6429093140355,116.54017495299628,No Alarm,None,None,Running,Healthy,Healthy,Healthy,Healthy,Healthy,Healthy,Healthy
2026-01-01 15:20:00,Evening,10812,1.1454029511640378,78.81136550589925,0.0,15.014693968926053,1517.0977784109582,1865.9606048032006,115.56815721332111,No Alarm,None,None,Running,Healthy,Healthy,Healthy,Warning,Healthy,Healthy,Healthy
2026-01-01 15:30:00,Evening,10327,1.1918396730416116,78.48564551179958,0.0,14.474776881694467,1522.0884108276725,1870.3757049601613,115.43357335803837,No Alarm,None,None,Running,Healthy,Healthy,Healthy,Healthy,Healthy,Healthy,Healthy
2026-01-01 15:40:00,Evening,10726,1.1143599985479151,79.20681650287217,0.0,12.63983085842747,1514.646652170972,1869.240058435769,116.93173031041593,No Alarm,None,None,Running,Healthy,Healthy,Healthy,Healthy,Healthy,Healthy,Warning
2026-01-01 15:50:00,Evening,10971,1.1627566037556685,78.33829535583986,0.0,13.192839319683108,1516.5341502847461,1869.7505876271844,119.07817105107361,No Alarm,None,None,Running,Healthy,Healthy,Healthy,Warning,Healthy,Healthy,Healthy
2026-01-01 16:00:00,Evening,10455,1.0766457513064676,78.96134812099508,15.0,12.57648274463655,1516.166174752498,1856.9602429108331,117.69862886112851,Roller Jam,Medium,Mechanical,Stopped,Healthy,Healthy,Healthy,Healthy,Healthy,Healthy,Healthy
2026-01-01 16:10:00,Evening,10107,1.1105794474677653,78.64098720918595,0.0,12.96302569060711,1516.7378190212182,1872.8156762970511,117.86238660709213,No Alarm,None,None,Running,Healthy,Healthy,Healthy,Warning,Healthy,Healthy,Healthy
2026-01-01 16:20:00,Evening,10298,1.1190933814161208,78.9704438686766,0.0,13.880439736667574,1514.2589636847301,1871.8511060649375,119.68802067633798,No Alarm,None,None,Running,Healthy,Healthy,Healthy,Healthy,Healthy,Healthy,Healthy
2026-01-01 16:30:00,Evening,10137,1.1254926826180238,78.53273519692813,0.0,13.236442425206974,1515.7196077850367,1869.2039717036,120.69971052376738,No Alarm,None,None,Running,Healthy,Healthy,Healthy,Healthy,Healthy,Healthy,Healthy
2026-01-01 16:40:00,Evening,10353,1.1230679195871385,78.760182377628,0.0,13.546420522964388,1514.110900389572,1856.9450304325328,122.67071303172678,No Alarm,None,None,Running,Healthy,Healthy,Healthy,Healthy,Healthy,Healthy,Healthy
2026-01-01 16:50:00,Evening,10645,1.1195055884699299,78.8106812931319,0.0,13.451959736386689,1510.1795576301643,1863.5315062754678,121.71522050257389,No Alarm,None,None,Running,Healthy,Healthy,Healthy,Healthy,Warning,Healthy,Healthy
2026-01-01 17:00:00,Evening,10203,1.0793850020019455,78.60726666570609,0.0,13.183957022430723,1513.761915162496,1854.7403951278666,122.64203939531775,No Alarm,None,None,Running,Healthy,Healthy,Healthy,Healthy,Healthy,Healthy,Healthy
2026-01-01 17:10:00,Evening,10515,1.0703033935643982,79.29867591853329,7.0,14.304545451621165,1510.5933708940374,1858.540751907877,123.29222980800398,Roller Jam,Medium,Process,Stopped,Healthy,Warning,Healthy,Healthy,Healthy,Healthy,Healthy
2026-01-01 17:20:00,Evening,10999,1.1044435315367038,79.39280223961488,0.0,14.268907456810158,1508.6197067776632,1877.8672505705088,121.58106164851249,No Alarm,None,None,Running,Healthy,Healthy,Healthy,Healthy,Healthy,Healthy,Healthy
2026-01-01 17:30:00,Evening,10265,1.0677154251115293,79.47500326171333,0.0,13.35773340458732,1512.9138512000561,1861.0179228754314,122.31464010176575,No Alarm,None,None,Running,Healthy,Healthy,Healthy,Healthy,Healthy,Healthy,Warning
2026-01-01 17:40:00,Evening,10880,1.0301704555327327,79.96253790212944,0.0,12.554412297752572,1513.413442533532,1850.5415907081856,122.64124404478595,No Alarm,None,None,Running,Healthy,Healthy,Healthy,Healthy,Healthy,Healthy,Healthy
2026-01-01 17:50:00,Evening,10305,1.0296805796192257,80.0421866997311,0.0,12.567744385604206,1513.1395597669737,1861.4514557230116,122.77523933392527,No Alarm,None,None,Running,Healthy,Healthy,Healthy,Healthy,Healthy,Warning,Warning
2026-01-01 18:00:00,Evening,10615,1.0316001319830002,79.43089887676196,0.0,13.124424178753868,1512.8777632211904,1849.3390482380598,125.7165590329394,No Alarm,None,None,Running,Healthy,Healthy,Warning,Healthy,Healthy,Healthy,Healthy
2026-01-01 18:10:00,Evening,10158,1.0698832525433744,79.85143454767409,0.0,13.782459008138783,1506.2742342584029,1850.883005504403,125.4506798337679,No Alarm,None,None,Running,Healthy,Healthy,Healthy,Healthy,Healthy,Healthy,Healthy
2026-01-01 18:20:00,Evening,10269,1.0553191638453585,79.57617697670638,0.0,12.556157293796561,1507.3587685529635,1852.6433777756358,125.4876438505795,No Alarm,None,None,Running,Warning,Healthy,Healthy,Healthy,Healthy,Healthy,Healthy
2026-01-01 18:30:00,Evening,10868,1.0681442477533722,79.95957330162447,6.0,13.377339625847116,1515.3613130420954,1858.088553395909,122.51674004216571,Hydraulic Pressure Drop,Low,Electrical,Stopped,Healthy,Healthy,Healthy,Healthy,Healthy,Healthy,Warning
2026-01-01 18:40:00,Evening,10590,1.031311896733814,79.83529073517572,0.0,11.469265011108556,1507.4871149722655,1869.9798594253493,128.27409026253127,No Alarm,None,None,Running,Healthy,Healthy,Healthy,Healthy,Healthy,Healthy,Healthy
2026-01-01 18:50:00,Evening,10570,1.045912132690154,80.84765612387322,0.0,13.222101307546342,1511.3221014813205,1868.119047046699,124.85588299827774,No Alarm,None,None,Running,Healthy,Warning,Healthy,Healthy,Healthy,Healthy,Healthy
2026-01-01 19:00:00,Evening,10511,1.0572859716665286,80.4681592422689,0.0,13.749579115202687,1507.7805266723635,1868.8457763971726,128.45343537937438,No Alarm,None,None,Running,Healthy,Healthy,Healthy,Healthy,Healthy,Healthy,Healthy
2026-01-01 19:10:00,Evening,10245,1.026944172501777,80.35628077607197,0.0,12.640754117455598,1509.413676855477,1857.1973699993234,124.25455827425705,No Alarm,None,None,Running,Healthy,Healthy,Healthy,Healthy,Healthy,Warning,Healthy
2026-01-01 19:20:00,Evening,10930,1.047985203095269,81.03867427459939,0.0,14.371383935988936,1507.3624445318526,1863.1363094938117,124.96126808947245,No Alarm,None,None,Running,Healthy,Healthy,Healthy,Healthy,Healthy,Healthy,Healthy
2026-01-01 19:30:00,Evening,10394,1.0128386076481888,79.80681994675277,0.0,12.043615682397125,1510.0956508511397,1871.265429352826,123.17591960605897,No Alarm,None,None,Running,Healthy,Healthy,Healthy,Healthy,Healthy,Healthy,Healthy
2026-01-01 19:40:00,Evening,10012,1.0205811654767944,79.9785790907484,0.0,12.909472859172213,1508.7957184047764,1865.8227862543854,126.07893331120987,No Alarm,None,None,Running,Healthy,Healthy,Healthy,Healthy,Healthy,Healthy,Healthy
2026-01-01 19:50:00,Evening,10907,1.0191627697166963,81.20626678656546,0.0,12.714457298792535,1507.1114059572858,1870.51185073892,124.09152281756428,No Alarm,None,None,Running,Healthy,Healthy,Healthy,Healthy,Healthy,Healthy,Healthy
2026-01-01 20:00:00,Evening,10047,0.9942502205805774,81.00966727732514,0.0,12.357919390046833,1505.4019635214895,1878.2802040253466,123.83999326361166,No Alarm,None,None,Running,Fault,Healthy,Healthy,Healthy,Healthy,Healthy,Healthy
2026-01-01 20:10:00,Evening,10887,1.0446149759355223,81.17636734088585,13.0,12.977661681590707,1508.5095206279027,1874.0818888806173,123.14390561513167,Water Flow Alarm,Critical,Mechanical,Stopped,Fault,Healthy,Healthy,Healthy,Healthy,Healthy,Healthy
2026-01-01 20:20:00,Evening,10267,1.0161743800885845,80.62887009264031,0.0,12.777153272113937,1504.6388755083979,1880.90603562167,125.33920866253011,No Alarm,None,None,Running,Healthy,Healthy,Healthy,Healthy,Healthy,Healthy,Healthy
2026-01-01 20:30:00,Evening,10070,1.0312514064498122,81.22532783417711,5.0,13.484213701047242,1508.5882819848346,1894.157740471606,124.83157176237415,Hydraulic Pressure Drop,Low,Process,Stopped,Healthy,Healthy,Healthy,Healthy,Healthy,Healthy,Healthy
2026-01-01 20:40:00,Evening,10221,1.046286685561823,82.10264906858875,0.0,14.042998934915108,1513.9533956814762,1882.441961702598,125.6839438266451,No Alarm,None,None,Running,Healthy,Healthy,Healthy,Healthy,Healthy,Healthy,Healthy
2026-01-01 20:50:00,Evening,10655,1.0466124466137852,81.68851794073498,0.0,13.081080411519405,1510.6492406431898,1895.7243523989698,122.18327719345974,No Alarm,None,None,Running,Healthy,Healthy,Healthy,Healthy,Healthy,Healthy,Healthy
2026-01-01 21:00:00,Evening,10546,1.054890640309607,81.47488258321924,0.0,13.756854254390232,1508.9756287759149,1893.2983406105018,122.7352941567067,No Alarm,None,None,Running,Healthy,Healthy,Healthy,Healthy,Healthy,Healthy,Healthy
2026-01-01 21:10:00,Evening,10153,1.0340421640138378,81.26977509348276,0.0,12.434290187786225,1506.891230887621,1879.6688297463193,120.36738793721378,No Alarm,None,None,Running,Healthy,Healthy,Healthy,Healthy,Healthy,Healthy,Healthy
2026-01-01 21:20:00,Evening,10301,1.0267141065292507,81.3159325397318,0.0,13.370095148523996,1502.2035904034235,1885.2112330915995,120.93529265731911,No Alarm,None,None,Running,Healthy,Healthy,Healthy,Healthy,Healthy,Healthy,Healthy
2026-01-01 21:30:00,Evening,10211,1.0397790668551203,80.64021901298676,0.0,12.463844269010112,1503.7098485001784,1890.007656822741,120.12411216510495,No Alarm,None,None,Running,Healthy,Healthy,Healthy,Healthy,Healthy,Healthy,Healthy
2026-01-01 21:40:00,Evening,10654,0.994640858615108,81.6027364154898,0.0,13.196472687950543,1510.207596079744,1892.5006050927232,120.70599250171466,No Alarm,None,None,Running,Warning,Healthy,Healthy,Healthy,Healthy,Healthy,Healthy
2026-01-01 21:50:00,Evening,10865,1.0052609816289473,81.8352471482917,0.0,14.113210884537109,1505.031267487885,1901.2827624264326,120.76951944493098,No Alarm,None,None,Running,Healthy,Healthy,Healthy,Healthy,Healthy,Healthy,Healthy
2026-01-01 22:00:00,Night,10256,1.0127194846412582,80.85378963906682,0.0,12.573534836435753,1505.2825528839032,1909.5791205786743,120.14331934165992,No Alarm,None,None,Running,Healthy,Healthy,Healthy,Healthy,Healthy,Warning,Healthy
2026-01-01 22:10:00,Night,10896,1.026510341032404,81.19615422561242,0.0,11.296598819339863,1506.6615015230564,1917.339411140635,117.35806151487321,No Alarm,None,None,Running,Healthy,Healthy,Healthy,Healthy,Healthy,Healthy,Warning
2026-01-01 22:20:00,Night,10409,1.0727369744911956,80.96428071548114,0.0,13.02556112786857,1504.4852634518888,1912.3672959467037,118.99928671003603,No Alarm,None,None,Running,Warning,Healthy,Healthy,Healthy,Healthy,Healthy,Healthy
2026-01-01 22:30:00,Night,10083,1.038170789270751,80.99776583743551,0.0,13.8394474598869,1504.1578536084062,1908.8962180921094,117.20188247281871,No Alarm,None,None,Running,Warning,Healthy,Healthy,Healthy,Healthy,Healthy,Healthy
2026-01-01 22:40:00,Night,10323,1.0588429415813596,81.3523338128708,6.0,13.622690520684666,1507.2024206207413,1898.3081192738098,116.34635705958736,Roller Jam,Medium,Process,Stopped,Healthy,Healthy,Healthy,Healthy,Healthy,Healthy,Healthy
2026-01-01 22:50:00,Night,10874,1.114263594950583,80.43497784748641,0.0,14.102534455954808,1505.2227870142326,1917.9686693659999,115.39936232246001,No Alarm,None,None,Running,Fault,Healthy,Healthy,Healthy,Healthy,Healthy,Healthy
2026-01-01 23:00:00,Night,10809,1.0699282918588402,81.44343884427806,0.0,14.08017149740389,1505.7409360919307,1919.9706955951042,115.12882892120489,No Alarm,None,None,Running,Healthy,Healthy,Healthy,Healthy,Healthy,Healthy,Healthy
2026-01-01 23:10:00,Night,10729,1.108285235441897,81.41995189456917,0.0,14.192682850497608,1505.8008893028828,1923.5007355125963,117.48466175685398,No Alarm,None,None,Running,Healthy,Healthy,Healthy,Healthy,Healthy,Healthy,Healthy
2026-01-01 23:20:00,Night,10399,1.0638917824634586,80.93088578745483,0.0,14.151054912009029,1509.238263288825,1941.0620919947476,115.40193410527891,No Alarm,None,None,Running,Healthy,Healthy,Healthy,Healthy,Healthy,Warning,Healthy
2026-01-01 23:30:00,Night,10776,1.0916570045089617,79.94480252663746,0.0,14.28930913001491,1507.5482098263487,1936.2042363182961,114.93135965717143,No Alarm,None,None,Running,Healthy,Healthy,Healthy,Healthy,Healthy,Healthy,Warning
2026-01-01 23:40:00,Night,10711,1.0754002955387472,80.43777381207363,0.0,14.50769401115021,1507.8954305424743,1934.5104912648007,114.14865124007882,No Alarm,None,None,Running,Healthy,Healthy,Healthy,Healthy,Healthy,Healthy,Healthy
2026-01-01 23:50:00,Night,10792,1.099953035255319,81.22295280281516,0.0,14.000570199425866,1510.0642034964549,1922.3585066264523,117.19536423610451,No Alarm,None,None,Running,Healthy,Healthy,Warning,Healthy,Healthy,Healthy,Healthy
2026-01-02 00:00:00,Night,10558,1.1416793843398507,79.5069800155712,0.0,14.904673885293903,1508.4627850789698,1927.6427565603922,115.68039520621676,No Alarm,None,None,Running,Healthy,Healthy,Healthy,Healthy,Healthy,Healthy,Healthy
2026-01-02 00:10:00,Night,10508,1.071100100811361,80.36326364452849,0.0,13.173762308981962,1508.3837470949459,1932.5385043265755,113.16210794240318,No Alarm,None,None,Running,Healthy,Healthy,Healthy,Healthy,Healthy,Healthy,Healthy
2026-01-02 00:20:00,Night,10967,1.1424855557406677,79.91088199060788,0.0,13.860046878667042,1510.5318032843625,1928.4966177926694,113.67172069505023,No Alarm,None,None,Running,Healthy,Healthy,Healthy,Healthy,Healthy,Healthy,Healthy
2026-01-02 00:30:00,Night,10947,1.1431814482627407,80.58266234870459,0.0,15.48450545157754,1511.316575750684,1939.952040032346,113.77559101873096,No Alarm,None,None,Running,Warning,Healthy,Warning,Healthy,Healthy,Healthy,Healthy
2026-01-02 00:40:00,Night,10537,1.1248644616755774,79.86693027247473,6.0,14.2121490443706,1509.58218314825,1939.892332511189,114.29997999903122,Roller Jam,High,Electrical,Stopped,Healthy,Healthy,Healthy,Healthy,Healthy,Healthy,Healthy
2026-01-02 00:50:00,Night,10201,1.1059693640025963,80.17374841603197,0.0,14.388033446136118,1510.467794794003,1929.2547890521607,113.43441330942974,No Alarm,None,None,Running,Fault,Healthy,Healthy,Warning,Healthy,Healthy,Healthy
2026-01-02 01:00:00,Night,10409,1.1581791264172767,80.11345748697492,0.0,14.563857090303932,1508.6400400848854,1948.2913205540283,115.01060867404597,No Alarm,None,None,Running,Healthy,Healthy,Healthy,Warning,Healthy,Warning,Healthy
2026-01-02 01:10:00,Night,10505,1.1467760406809429,80.49765253802192,0.0,13.92413955286781,1508.7820597720947,1940.1187941499259,116.4897927103166,No Alarm,None,None,Running,Healthy,Healthy,Healthy,Healthy,Healthy,Healthy,Healthy
2026-01-02 01:20:00,Night,10678,1.1762476224990632,79.55951806283437,0.0,14.710783306045972,1513.206051319607,1925.87666353498,113.48667469938275,No Alarm,None,None,Running,Healthy,Healthy,Healthy,Healthy,Healthy,Healthy,Healthy
2026-01-02 01:30:00,Night,10319,1.1764699629362412,79.67113895741564,0.0,15.711070349140414,1512.7542430136425,1939.5309909482244,114.07432241197532,No Alarm,None,None,Running,Healthy,Healthy,Healthy,Healthy,Healthy,Healthy,Healthy
2026-01-02 01:40:00,Night,10046,1.2303351741428126,78.81005178644308,5.0,15.767857728780754,1513.1472327773995,1942.2464334894482,115.2590592249805,Water Flow Alarm,Critical,Mechanical,Stopped,Warning,Healthy,Healthy,Healthy,Healthy,Healthy,Healthy
2026-01-02 01:50:00,Night,10823,1.1814689378273102,79.76772815275243,0.0,13.570330511030058,1513.085697352856,1947.6564711143494,115.7670226544484,No Alarm,None,None,Running,Healthy,Healthy,Healthy,Healthy,Healthy,Healthy,Healthy
2026-01-02 02:00:00,Night,10950,1.1641932228898904,78.87976479443739,0.0,14.401744166520322,1512.880184203946,1936.8745186399221,119.1787215416925,No Alarm,None,None,Running,Healthy,Healthy,Healthy,Healthy,Healthy,Healthy,Healthy
2026-01-02 02:10:00,Night,10083,1.2063864188423703,78.85773588214442,0.0,16.327435890422926,1514.8924074206618,1945.7222128693536,118.5041662768102,No Alarm,None,None,Running,Healthy,Healthy,Healthy,Healthy,Healthy,Healthy,Healthy
2026-01-02 02:20:00,Night,10319,1.2135606603646252,78.97757869497356,0.0,15.019850451262846,1515.8804718683803,1939.9465118093456,118.98381112912094,No Alarm,None,None,Running,Healthy,Healthy,Healthy,Healthy,Healthy,Healthy,Healthy
2026-01-02 02:30:00,Night,10434,1.2535132375527744,78.27279861625686,0.0,14.408580385195755,1516.2157347421564,1927.1087853948902,118.10337041958911,No Alarm,None,None,Running,Healthy,Healthy,Healthy,Warning,Healthy,Healthy,Healthy
2026-01-02 02:40:00,Night,10761,1.2433742133214247,78.90858358823674,0.0,16.86731188631359,1514.083339987595,1925.3205553754146,118.66279885916597,No Alarm,None,None,Running,Healthy,Healthy,Healthy,Healthy,Healthy,Healthy,Healthy
2026-01-02 02:50:00,Night,10774,1.2343994606955715,79.1313953082397,0.0,15.9076680155636,1518.2020480923916,1944.4722432849826,117.8600221193743,No Alarm,None,None,Running,Healthy,Healthy,Healthy,Healthy,Healthy,Healthy,Healthy
2026-01-02 03:00:00,Night,10344,1.2727374785828416,78.79762988944141,0.0,15.86020948111656,1515.7056629082056,1943.7518297505853,121.1398265569842,No Alarm,None,None,Running,Healthy,Healthy,Healthy,Healthy,Healthy,Healthy,Healthy
2026-01-02 03:10:00,Night,10313,1.1980772973498606,77.99010309112096,0.0,14.715973801615808,1517.115060413587,1935.3075497332925,121.3886577742902,No Alarm,None,None,Running,Warning,Healthy,Healthy,Healthy,Healthy,Healthy,Healthy
2026-01-02 03:20:00,Night,10406,1.2191910492257745,78.53088264701098,7.0,15.997534466176395,1516.6376133658912,1943.0848618589816,122.93225578822317,Hydraulic Pressure Drop,Critical,Mechanical,Stopped,Healthy,Healthy,Healthy,Healthy,Healthy,Healthy,Healthy
2026-01-02 03:30:00,Night,10241,1.214957004475252,78.84181475931078,0.0,14.807574175782314,1516.94585361563,1937.8287627072973,121.71185097879876,No Alarm,None,None,Running,Healthy,Healthy,Healthy,Healthy,Warning,Healthy,Healthy
2026-01-02 03:40:00,Night,10437,1.2351444711052988,77.76850282361382,0.0,16.243085385977427,1514.8815799290767,1932.9710784403603,122.35086724551937,No Alarm,None,None,Running,Healthy,Healthy,Warning,Healthy,Healthy,Healthy,Warning
2026-01-02 03:50:00,Night,10263,1.2093238550438843,78.07476098143914,0.0,15.496084888055533,1518.8626585548443,1918.2155353212354,123.256023420507,No Alarm,None,None,Running,Warning,Healthy,Healthy,Healthy,Healthy,Healthy,Healthy
2026-01-02 04:00:00,Night,10061,1.2731541527586887,78.85063213180655,0.0,16.085704257324753,1524.6055668953761,1937.2481177239292,124.62271817885185,No Alarm,None,None,Running,Healthy,Healthy,Healthy,Healthy,Healthy,Healthy,Healthy
2026-01-02 04:10:00,Night,10714,1.2505869158172176,78.61381070500283,0.0,15.734196811450136,1516.932163140967,1925.473812886527,122.25315982666264,No Alarm,None,None,Running,Healthy,Healthy,Healthy,Healthy,Healthy,Healthy,Healthy
2026-01-02 04:20:00,Night,10788,1.2159524357840916,78.68668958139295,14.0,15.076927821601222,1518.416286153495,1915.7892913589944,125.32552270020074,Water Flow Alarm,Critical,Mechanical,Stopped,Healthy,Healthy,Healthy,Healthy,Healthy,Healthy,Healthy
2026-01-02 04:30:00,Night,10287,1.2320926247767423,79.29208592678243,0.0,16.133105893855763,1517.4848394293767,1911.138579367228,124.79811188470232,No Alarm,None,None,Running,Warning,Healthy,Healthy,Healthy,Healthy,Healthy,Healthy
2026-01-02 04:40:00,Night,10401,1.2741014671760287,78.77217167087926,0.0,15.320528357229074,1517.732857055204,1916.0745091384304,123.88460616759454,No Alarm,None,None,Running,Healthy,Warning,Healthy,Healthy,Healthy,Healthy,Healthy
2026-01-02 04:50:00,Night,10403,1.2916219942092355,78.89419075425477,0.0,15.009927338834297,1523.1567045148809,1898.1249765865966,122.93420155066589,No Alarm,None,None,Running,Healthy,Healthy,Healthy,Healthy,Healthy,Healthy,Healthy
2026-01-02 05:00:00,Night,10023,1.3278028611891184,79.77111994885469,0.0,17.027643850888712,1517.945090570787,1914.512982766833,125.49840556241061,No Alarm,None,None,Running,Healthy,Healthy,Healthy,Healthy,Healthy,Healthy,Healthy
2026-01-02 05:10:00,Night,10546,1.3563757474955218,78.66620011995592,0.0,17.396563673341028,1518.7626878418882,1898.6695671452505,127.56930058829874,No Alarm,None,None,Running,Healthy,Healthy,Healthy,Healthy,Healthy,Healthy,Healthy
2026-01-02 05:20:00,Night,10459,1.2820840299115448,78.50613262519772,0.0,16.36221918065255,1516.287160730422,1906.6175542927842,127.95326573425889,No Alarm,None,None,Running,Healthy,Healthy,Healthy,Healthy,Healthy,Healthy,Healthy
2026-01-02 05:30:00,Night,10941,1.2402882761687506,79.07812109555809,0.0,15.78901331084201,1518.6567302480826,1896.8180543192689,126.42230778529162,No Alarm,None,None,Running,Healthy,Healthy,Warning,Healthy,Healthy,Healthy,Healthy
2026-01-02 05:40:00,Night,10372,1.2059655080149312,79.17190162229879,0.0,14.850190585350356,1516.5607525886237,1896.2095920232625,128.34256671290888,No Alarm,None,None,Running,Healthy,Healthy,Healthy,Healthy,Healthy,Healthy,Healthy
2026-01-02 05:50:00,Night,10795,1.2775406674243035,78.88188779806264,0.0,16.52049623587366,1522.677680486921,1889.6110293964205,125.86910248609959,No Alarm,None,None,Running,Healthy,Healthy,Healthy,Healthy,Healthy,Healthy,Healthy
2026-01-02 06:00:00,Morning,10391,1.244334756735496,78.78218181517741,0.0,15.522293770465522,1528.3485859653865,1891.7370933016343,126.937910921267,No Alarm,None,None,Running,Healthy,Healthy,Healthy,Healthy,Healthy,Healthy,Healthy
2026-01-02 06:10:00,Morning,10186,1.2551096030864428,80.2272311274221,0.0,15.34789054600991,1520.6679500479659,1905.5335654429261,125.06789326646037,No Alarm,None,None,Running,Warning,Healthy,Healthy,Healthy,Healthy,Warning,Healthy
2026-01-02 06:20:00,Morning,10349,1.2476919701777995,79.54701892363369,0.0,15.377825708643716,1517.6365981325528,1898.933174960474,124.75122842570205,No Alarm,None,None,Running,Healthy,Healthy,Healthy,Healthy,Warning,Healthy,Healthy
2026-01-02 06:30:00,Morning,10884,1.2599575988774685,79.24040681496749,0.0,17.16391777511144,1524.2553328698175,1888.1766664698864,124.26147004660085,No Alarm,None,None,Running,Healthy,Healthy,Healthy,Healthy,Warning,Healthy,Healthy
2026-01-02 06:40:00,Morning,10257,1.2939348628470841,80.01997147206008,0.0,14.959702528156749,1520.3723523691676,1882.6917453097033,122.25687766770272,No Alarm,None,None,Running,Healthy,Healthy,Healthy,Healthy,Healthy,Healthy,Warning
2026-01-02 06:50:00,Morning,10845,1.26409559073439,79.73262384242081,0.0,16.151046557186934,1525.6043927330156,1887.2769716351127,125.88179880900816,No Alarm,None,None,Running,Fault,Healthy,Healthy,Healthy,Healthy,Healthy,Healthy
2026-01-02 07:00:00,Morning,10666,1.2517162478602026,79.79936457544606,0.0,14.47107579891593,1521.798927194723,1887.2789187172855,123.13176811397709,No Alarm,None,None,Running,Healthy,Healthy,Warning,Healthy,Healthy,Healthy,Healthy
2026-01-02 07:10:00,Morning,10746,1.2221682967143053,80.25035200705756,0.0,15.201340372102734,1521.0536789075293,1869.413081010765,122.4654546822537,No Alarm,None,None,Running,Healthy,Healthy,Healthy,Healthy,Healthy,Healthy,Warning
2026-01-02 07:20:00,Morning,10753,1.199441483708287,79.63343907102718,0.0,14.689479306745657,1522.2984634868876,1873.3509874246035,121.50242611518759,No Alarm,None,None,Running,Warning,Healthy,Healthy,Healthy,Healthy,Warning,Healthy
2026-01-02 07:30:00,Morning,10517,1.2312292162426188,80.41494958351358,0.0,13.93084539535682,1524.7285841638302,1857.4293466597137,122.13521211494013,No Alarm,None,None,Running,Healthy,Healthy,Healthy,Healthy,Warning,Healthy,Healthy
2026-01-02 07:40:00,Morning,10602,1.2400457985439843,81.16088637482986,7.0,15.772898795103437,1522.3367942941268,1879.1487196001685,123.9349009131459,Mold Level Low,Medium,Mechanical,Stopped,Healthy,Healthy,Healthy,Healthy,Healthy,Healthy,Healthy
2026-01-02 07:50:00,Morning,10070,1.2902551677871228,80.7012349087044,0.0,15.862162953804496,1521.7149784759051,1884.975542772678,123.75133951261405,No Alarm,None,None,Running,Healthy,Healthy,Healthy,Healthy,Healthy,Healthy,Healthy
2026-01-02 08:00:00,Morning,10700,1.236414381457754,80.47976571372658,0.0,13.985735328429055,1522.4912677555496,1867.5276022335586,118.65348166283417,No Alarm,None,None,Running,Healthy,Healthy,Healthy,Healthy,Healthy,Healthy,Healthy
2026-01-02 08:10:00,Morning,10712,1.2570226234692106,80.53852094676562,0.0,16.30048045690711,1519.8202986251952,1848.4655674138942,119.62244150754408,No Alarm,None,None,Running,Warning,Warning,Healthy,Healthy,Healthy,Healthy,Healthy
2026-01-02 08:20:00,Morning,10104,1.2073566017151292,80.68319419740213,0.0,16.09646184603137,1523.9841097404533,1869.0689088910833,118.20732957452147,No Alarm,None,None,Running,Healthy,Healthy,Healthy,Healthy,Healthy,Healthy,Healthy
2026-01-02 08:30:00,Morning,10519,1.1813589880054567,80.84583141035824,0.0,15.81007438967581,1518.4963337334486,1855.8562698062951,120.04085380120868,No Alarm,None,None,Running,Healthy,Healthy,Healthy,Warning,Healthy,Healthy,Healthy
2026-01-02 08:40:00,Morning,10509,1.1823191785499427,80.88980468876227,12.0,15.030259240330315,1521.804562337073,1856.83737419316,118.61649235676232,Mold Level Low,Critical,Mechanical,Stopped,Healthy,Healthy,Healthy,Healthy,Healthy,Healthy,Healthy
2026-01-02 08:50:00,Morning,10310,1.183692215320764,81.49373821905026,0.0,14.828393388513533,1524.74526170704,1866.380153265448,116.94368830404015,No Alarm,None,None,Running,Healthy,Healthy,Healthy,Healthy,Warning,Warning,Healthy
2026-01-02 09:00:00,Morning,10067,1.2633083102020657,80.51239299854383,0.0,16.72106351215288,1523.5167391940925,1862.798983801442,117.25255577831842,No Alarm,None,None,Running,Healthy,Healthy,Healthy,Warning,Warning,Healthy,Warning
2026-01-02 09:10:00,Morning,10010,1.1686652416027519,81.62057174697857,0.0,15.785984029772468,1524.127845965678,1856.4270133291493,116.07878402659009,No Alarm,None,None,Running,Healthy,Healthy,Healthy,Healthy,Healthy,Healthy,Healthy
2026-01-02 09:20:00,Morning,10209,1.212180513124348,81.1851378037161,0.0,15.945754506067287,1522.3632302716412,1854.8806086577827,118.10845521916218,No Alarm,None,None,Running,Healthy,Healthy,Healthy,Healthy,Healthy,Healthy,Healthy
2026-01-02 09:30:00,Morning,10232,1.1535427688169713,81.53975277849109,0.0,13.760208288651281,1525.3051991343784,1861.0070801797385,116.3856393638045,No Alarm,None,None,Running,Healthy,Healthy,Healthy,Healthy,Healthy,Warning,Healthy
2026-01-02 09:40:00,Morning,10212,1.202088007166179,80.98049968080817,0.0,15.167041486827683,1524.5291226619747,1856.825315540746,116.13367563389394,No Alarm,None,None,Running,Healthy,Healthy,Healthy,Healthy,Healthy,Healthy,Healthy
2026-01-02 09:50:00,Morning,10606,1.1791250888515186,81.99513465549155,0.0,15.046724911647981,1523.151228490866,1851.505054158608,111.77684835824205,No Alarm,None,None,Running,Healthy,Healthy,Healthy,Healthy,Healthy,Healthy,Healthy
2026-01-02 10:00:00,Morning,10422,1.1562589313368272,81.98416501761106,0.0,13.18650476346828,1524.1556557079903,1858.1723853821204,114.5944513839164,No Alarm,None,None,Running,Healthy,Healthy,Healthy,Healthy,Healthy,Healthy,Healthy
2026-01-02 10:10:00,Morning,10113,1.1530828883803532,81.8816631921721,0.0,14.742088566488958,1523.4966770175447,1864.1775830041852,116.92510907446464,No Alarm,None,None,Running,Fault,Healthy,Warning,Healthy,Healthy,Healthy,Healthy
2026-01-02 10:20:00,Morning,10084,1.1279965432215144,80.8934454616589,0.0,15.691051068454502,1520.2892381176207,1860.8351871848236,115.82296993276668,No Alarm,None,None,Running,Healthy,Healthy,Healthy,Healthy,Healthy,Healthy,Healthy
2026-01-02 10:30:00,Morning,10656,1.154364031589045,81.82211008012557,0.0,14.877505710923618,1517.7794619757117,1851.9187901874277,111.87910246640577,No Alarm,None,None,Running,Healthy,Healthy,Healthy,Healthy,Healthy,Healthy,Healthy
2026-01-02 10:40:00,Morning,10935,1.1207018791847156,81.63317352678419,0.0,15.040162646818175,1521.9260820975994,1872.2695956578377,113.64248860453012,No Alarm,None,None,Running,Healthy,Healthy,Healthy,Healthy,Healthy,Healthy,Healthy
2026-01-02 10:50:00,Morning,10820,1.091001014509961,80.79968185872931,0.0,13.765552992464604,1521.9616825059,1843.735161225537,112.55953005445946,No Alarm,None,None,Running,Healthy,Healthy,Healthy,Healthy,Healthy,Healthy,Healthy
2026-01-02 11:00:00,Morning,10758,1.0829174599947733,81.3926236297787,5.0,13.485215423145991,1523.0299338185039,1863.5159349610242,116.09736558961166,Hydraulic Pressure Drop,Critical,Process,Stopped,Warning,Healthy,Healthy,Healthy,Healthy,Healthy,Healthy
2026-01-02 11:10:00,Morning,10319,1.1200083190648968,81.49897574883921,0.0,14.266993961367893,1517.6569884424202,1863.7126985141049,114.43937790592214,No Alarm,None,None,Running,Healthy,Healthy,Healthy,Healthy,Healthy,Healthy,Healthy
2026-01-02 11:20:00,Morning,10704,1.1558870328979687,81.51701991148128,0.0,13.877509257635506,1517.4132598949411,1871.5863209603565,113.38557834081354,No Alarm,None,None,Running,Healthy,Healthy,Healthy,Healthy,Healthy,Warning,Healthy
2026-01-02 11:30:00,Morning,10082,1.1071256666547276,81.29793719196158,0.0,13.164428202120021,1520.4989382150982,1876.752291071337,114.56549483350183,No Alarm,None,None,Running,Healthy,Healthy,Warning,Healthy,Healthy,Healthy,Healthy
2026-01-02 11:40:00,Morning,10172,1.092725495892398,81.2674519251427,0.0,14.545481888673532,1518.8302493795304,1883.2544694374994,111.66794828820433,No Alarm,None,None,Running,Healthy,Healthy,Healthy,Healthy,Healthy,Healthy,Healthy
2026-01-02 11:50:00,Morning,10140,1.0989839027859778,81.65634247958138,0.0,14.697938424831284,1513.9427237978532,1870.6369112796729,113.81910376588317,No Alarm,None,None,Running,Fault,Healthy,Healthy,Healthy,Healthy,Healthy,Healthy
2026-01-02 12:00:00,Morning,10184,1.1238975189444802,81.46584532419995,0.0,13.354944565894858,1519.2347182913195,1883.2297419786505,115.53780899036151,No Alarm,None,None,Running,Warning,Healthy,Healthy,Healthy,Healthy,Healthy,Healthy
2026-01-02 12:10:00,Morning,10358,1.0858087273118462,79.73037370374398,0.0,14.250208254585782,1513.2974699994268,1882.3999188128344,116.92692784881098,No Alarm,None,None,Running,Healthy,Healthy,Healthy,Healthy,Healthy,Healthy,Healthy
2026-01-02 12:20:00,Morning,10044,1.0616275991542354,80.64589607607704,5.0,13.209473006503728,1515.1896455191115,1869.5224986074081,114.04142612084549,Hydraulic Pressure Drop,Low,Process,Stopped,Healthy,Healthy,Healthy,Healthy,Healthy,Healthy,Healthy
2026-01-02 12:30:00,Morning,10814,1.102106886334857,80.59732284184723,0.0,14.014202081329016,1520.5498693050592,1900.8751507539998,116.4087620929967,No Alarm,None,None,Running,Healthy,Healthy,Healthy,Warning,Healthy,Healthy,Warning
2026-01-02 12:40:00,Morning,10716,1.0769939151738896,79.8480528039386,0.0,13.784576987278164,1521.3453168573199,1876.68030441637,118.60422915379121,No Alarm,None,None,Running,Healthy,Healthy,Healthy,Healthy,Healthy,Healthy,Healthy
2026-01-02 12:50:00,Morning,10635,1.1056818577010403,80.46846489023288,0.0,14.517068548950027,1513.3519749618636,1894.1186275424309,116.2033722999344,No Alarm,None,None,Running,Healthy,Healthy,Healthy,Healthy,Healthy,Healthy,Healthy
2026-01-02 13:00:00,Morning,10176,1.0608630792498703,80.8092043318709,0.0,13.318691231927613,1515.1721565445248,1896.4955125356496,118.79317743132128,No Alarm,None,None,Running,Healthy,Healthy,Healthy,Healthy,Healthy,Healthy,Healthy
2026-01-02 13:10:00,Morning,10868,1.0146808483624223,79.75183417643204,0.0,13.670624001241634,1515.704222630813,1898.2235406987531,119.18517524884201,No Alarm,None,None,Running,Healthy,Healthy,Healthy,Healthy,Healthy,Healthy,Healthy
2026-01-02 13:20:00,Morning,10007,1.0067232132059158,80.19648767199894,5.0,12.800629152905895,1519.6512707225809,1894.7221340814533,121.76004253915771,Water Flow Alarm,Medium,Electrical,Stopped,Healthy,Healthy,Healthy,Healthy,Healthy,Healthy,Healthy
2026-01-02 13:30:00,Morning,10995,1.093964346770337,79.57063408000316,0.0,14.111483325357886,1513.5660727092895,1907.9629430979694,120.0263726951069,No Alarm,None,None,Running,Warning,Healthy,Healthy,Healthy,Warning,Healthy,Healthy
2026-01-02 13:40:00,Morning,10727,1.0931407295003641,79.54367233625172,0.0,13.080975304678478,1513.2065809787223,1891.522179630318,120.69334253992763,No Alarm,None,None,Running,Healthy,Warning,Healthy,Healthy,Healthy,Warning,Healthy
2026-01-02 13:50:00,Morning,10203,1.0333744346284208,80.28017004041625,0.0,14.428241740348644,1517.8726535992232,1906.1208927065377,122.51295695169539,No Alarm,None,None,Running,Healthy,Healthy,Healthy,Healthy,Healthy,Healthy,Healthy
2026-01-02 14:00:00,Evening,10197,1.0249368895453472,79.35112189695768,0.0,13.140588565560316,1512.6684128684205,1904.749395591642,120.46827117126016,No Alarm,None,None,Running,Healthy,Warning,Healthy,Healthy,Healthy,Healthy,Healthy
2026-01-02 14:10:00,Evening,10695,1.0782987629019372,79.63495971661615,0.0,13.977832734015783,1515.0189218791058,1906.4137373946046,122.34713231437634,No Alarm,None,None,Running,Healthy,Healthy,Healthy,Healthy,Healthy,Healthy,Healthy
2026-01-02 14:20:00,Evening,10809,0.9996235159454931,78.5873338866307,0.0,11.369563881470587,1509.1330575759314,1917.7812634275672,122.59152457793756,No Alarm,None,None,Running,Healthy,Healthy,Warning,Warning,Healthy,Healthy,Healthy
2026-01-02 14:30:00,Evening,10467,1.0047340558313402,79.97110425433078,0.0,11.983284281736383,1512.015764590791,1925.4265098148232,123.46654504307149,No Alarm,None,None,Running,Healthy,Healthy,Healthy,Healthy,Healthy,Healthy,Healthy
2026-01-02 14:40:00,Evening,10061,1.0499820628198644,79.36296496515048,6.0,13.991294366791417,1507.9191748701685,1916.441367022616,125.10986945916423,Mold Level Low,Critical,Electrical,Stopped,Healthy,Healthy,Healthy,Healthy,Healthy,Healthy,Healthy
2026-01-02 14:50:00,Evening,10494,1.0183186677968383,78.95072516735041,0.0,12.929807130265303,1509.061231084274,1927.7283476688704,125.17443427421149,No Alarm,None,None,Running,Healthy,Healthy,Healthy,Healthy,Warning,Warning,Healthy
2026-01-02 15:00:00,Evening,10480,1.0298475192123133,79.16254059044627,0.0,11.53344817577367,1513.4377162376782,1924.0808659118456,123.98362365480821,No Alarm,None,None,Running,Healthy,Healthy,Warning,Healthy,Healthy,Healthy,Healthy
2026-01-02 15:10:00,Evening,10326,1.0253125134835004,78.28440123778729,0.0,13.543209368832429,1510.8639954968498,1918.6359060179734,125.36990364784266,No Alarm,None,None,Running,Healthy,Healthy,Healthy,Healthy,Healthy,Healthy,Healthy
2026-01-02 15:20:00,Evening,10903,1.0409272713693787,79.24534141696414,0.0,12.630942929070327,1509.8500667615026,1925.6944446371538,127.26620144128638,No Alarm,None,None,Running,Healthy,Healthy,Healthy,Healthy,Healthy,Warning,Warning
2026-01-02 15:30:00,Evening,10343,1.0739765317227914,78.57525588058958,0.0,14.41262853664859,1508.4459073469034,1927.219148471765,124.6971084833306,No Alarm,None,None,Running,Warning,Healthy,Healthy,Healthy,Healthy,Healthy,Healthy
2026-01-02 15:40:00,Evening,10244,1.0357865329377984,78.56473155025539,0.0,12.88584668669989,1509.4477946257537,1925.7671568744422,126.02912324307827,No Alarm,None,None,Running,Healthy,Healthy,Healthy,Healthy,Healthy,Healthy,Warning
2026-01-02 15:50:00,Evening,10677,1.0540648647545474,78.40060151930423,0.0,13.319105489646214,1510.446369937344,1936.3544609342314,125.72480562268908,No Alarm,None,None,Running,Healthy,Healthy,Healthy,Healthy,Healthy,Healthy,Healthy
2026-01-02 16:00:00,Evening,10619,0.975274881727211,78.32564320108244,0.0,13.016204226604291,1511.8582930154062,1936.243642095898,125.9231513818519,No Alarm,None,None,Running,Warning,Healthy,Healthy,Warning,Healthy,Healthy,Healthy
2026-01-02 16:10:00,Evening,10621,1.0377011909400358,78.80642076680938,0.0,12.343019807152183,1502.5595458465198,1922.9284667811278,124.02418961897352,No Alarm,None,None,Running,Healthy,Healthy,Healthy,Healthy,Healthy,Healthy,Healthy
2026-01-02 16:20:00,Evening,10505,1.016590535451203,78.61177649539113,0.0,12.01238892765628,1506.7791105862343,1923.5702461283358,127.59635559288634,No Alarm,None,None,Running,Healthy,Healthy,Healthy,Healthy,Healthy,Healthy,Healthy
2026-01-02 16:30:00,Evening,10319,1.0083813472246796,78.76131954952238,15.0,12.467217946029821,1509.0077056102646,1941.1453024034101,124.83769406594688,Roller Jam,Medium,Electrical,Stopped,Healthy,Healthy,Healthy,Warning,Healthy,Healthy,Healthy
2026-01-02 16:40:00,Evening,10258,1.0219836216662261,78.49871528957922,0.0,13.353816230562682,1508.130230457409,1932.0232020430446,126.80405776864768,No Alarm,None,None,Running,Healthy,Healthy,Healthy,Healthy,Healthy,Healthy,Healthy
2026-01-02 16:50:00,Evening,10119,1.0420006642621713,78.71952110299456,0.0,12.093394226447698,1509.1698051765466,1941.5882395454869,124.57729324249709,No Alarm,None,None,Running,Healthy,Healthy,Healthy,Healthy,Healthy,Healthy,Healthy
2026-01-02 17:00:00,Evening,10186,1.0834999347222896,78.36902149422774,0.0,12.376124964106252,1508.6312846355431,1945.8717468526681,124.26932824894142,No Alarm,None,None,Running,Healthy,Healthy,Healthy,Healthy,Healthy,Healthy,Healthy
2026-01-02 17:10:00,Evening,10579,1.020519546199439,79.460930432614,0.0,13.333098976423642,1507.018923862846,1929.7330126928284,126.12251287136512,No Alarm,None,None,Running,Healthy,Healthy,Healthy,Healthy,Healthy,Healthy,Healthy
2026-01-02 17:20:00,Evening,10407,1.0657954874887574,77.98427372256675,0.0,12.900358774812565,1506.3006636371297,1928.707408032772,125.4596288616094,No Alarm,None,None,Running,Warning,Healthy,Healthy,Healthy,Healthy,Healthy,Healthy
2026-01-02 17:30:00,Evening,10740,1.055179333843451,79.16786616953792,0.0,12.91518346399894,1506.859197673382,1953.3165195678168,124.07493465565823,No Alarm,None,None,Running,Healthy,Healthy,Healthy,Healthy,Healthy,Warning,Healthy
2026-01-02 17:40:00,Evening,10805,1.0649498602844076,79.27197551232163,0.0,12.012105972196979,1510.2187757443953,1942.4776311550986,124.25727098087356,No Alarm,None,None,Running,Healthy,Healthy,Healthy,Healthy,Healthy,Healthy,Healthy
2026-01-02 17:50:00,Evening,10559,1.1101705247702278,78.45412064658876,15.0,13.40184603958146,1505.4099972243703,1935.8789145260778,122.4835706822575,Hydraulic Pressure Drop,Low,Process,Stopped,Healthy,Healthy,Healthy,Healthy,Healthy,Healthy,Healthy
2026-01-02 18:00:00,Evening,10105,1.1017547129500656,79.76522857406488,0.0,13.766636804234015,1506.995493351608,1931.154787440801,122.27746179666698,No Alarm,None,None,Running,Warning,Healthy,Healthy,Healthy,Healthy,Healthy,Healthy
2026-01-02 18:10:00,Evening,10004,1.131455332493851,79.35806846168246,0.0,14.794456156509161,1507.5429734350053,1933.7646466325973,120.92836663700979,No Alarm,None,None,Running,Healthy,Healthy,Healthy,Healthy,Healthy,Healthy,Healthy
2026-01-02 18:20:00,Evening,10229,1.0926013815432387,79.44190009951403,0.0,13.117656152926237,1510.9373872982353,1927.377305285018,122.22479799393294,No Alarm,None,None,Running,Healthy,Warning,Healthy,Healthy,Healthy,Healthy,Healthy
2026-01-02 18:30:00,Evening,10283,1.0824242444881569,79.16479501886757,0.0,14.690466340264708,1506.2575359792586,1942.8589442783448,119.71403849979826,No Alarm,None,None,Running,Healthy,Healthy,Warning,Healthy,Healthy,Healthy,Healthy
2026-01-02 18:40:00,Evening,10074,1.1027968201991873,79.17271180128154,0.0,13.305771035563982,1509.3970949876218,1928.3083854898703,121.729079758183,No Alarm,None,None,Running,Healthy,Healthy,Healthy,Healthy,Healthy,Healthy,Healthy
2026-01-02 18:50:00,Evening,10779,1.1231224793324703,79.28699353040172,0.0,13.560866730546257,1510.0917942163542,1941.8480432107042,118.96917942547172,No Alarm,None,None,Running,Healthy,Healthy,Healthy,Healthy,Healthy,Healthy,Healthy
2026-01-02 19:00:00,Evening,10368,1.1275851488454711,79.64249131082339,0.0,15.17096464689685,1506.8841936318915,1928.3250513368525,118.78059175317905,No Alarm,None,None,Running,Healthy,Warning,Healthy,Healthy,Healthy,Healthy,Healthy
2026-01-02 19:10:00,Evening,10743,1.0962821874503355,80.1658410357782,0.0,13.851549449783935,1506.5684023409929,1921.4735156089284,119.08668597191891,No Alarm,None,None,Running,Healthy,Healthy,Healthy,Warning,Healthy,Healthy,Healthy
2026-01-02 19:20:00,Evening,10209,1.138119777189876,79.79971859103966,0.0,13.840079904565345,1506.3439439866688,1924.5676530937126,117.6433032066989,No Alarm,None,None,Running,Healthy,Healthy,Healthy,Healthy,Healthy,Warning,Healthy
2026-01-02 19:30:00,Evening,10011,1.148888222222023,79.48633523039682,0.0,14.252509585948872,1506.6179781843034,1905.0181793862735,116.71946294809456,No Alarm,None,None,Running,Healthy,Healthy,Healthy,Warning,Healthy,Healthy,Healthy
2026-01-02 19:40:00,Evening,10137,1.22422643936921,80.30543800996605,0.0,16.249981996394567,1509.5034456522253,1922.9632488851787,116.53241793197245,No Alarm,None,None,Running,Healthy,Healthy,Healthy,Healthy,Healthy,Healthy,Healthy
2026-01-02 19:50:00,Evening,10471,1.2116724069761136,80.46905086904667,13.0,16.172247060939398,1508.0747573350445,1920.3800143681638,117.16680819027161,Roller Jam,Medium,Mechanical,Stopped,Healthy,Healthy,Healthy,Healthy,Healthy,Healthy,Healthy
2026-01-02 20:00:00,Evening,10480,1.1364180577488239,80.48667962587355,0.0,13.63347049637112,1508.2335960676073,1926.0538895265358,114.86360879717049,No Alarm,None,None,Running,Healthy,Healthy,Healthy,Healthy,Healthy,Healthy,Healthy
2026-01-02 20:10:00,Evening,10438,1.160005072145145,80.64568030345133,0.0,14.470359734758937,1504.9988351618067,1901.99404893072,115.11572587541957,No Alarm,None,None,Running,Healthy,Healthy,Healthy,Healthy,Healthy,Healthy,Healthy
2026-01-02 20:20:00,Evening,10960,1.1312770530245813,80.3593627505488,0.0,14.204072942174566,1505.5776574090544,1923.9320571010255,114.93502164775394,No Alarm,None,None,Running,Healthy,Warning,Healthy,Healthy,Healthy,Healthy,Warning
2026-01-02 20:30:00,Evening,10653,1.1639351457200675,80.21314532401733,0.0,13.858821244139225,1513.5569937252515,1918.6895286298095,115.6663780277151,No Alarm,None,None,Running,Healthy,Healthy,Healthy,Healthy,Healthy,Healthy,Healthy
2026-01-02 20:40:00,Evening,10732,1.197502869630316,80.35041225494442,0.0,14.929806333523954,1507.9728069270286,1919.5748230827162,114.26892606018704,No Alarm,None,None,Running,Healthy,Healthy,Healthy,Healthy,Healthy,Healthy,Healthy
2026-01-02 20:50:00,Evening,10125,1.2304713306133293,80.15161070050236,0.0,15.384617634982806,1506.7158889719783,1906.5279774909623,116.37462998797604,No Alarm,None,None,Running,Healthy,Healthy,Healthy,Healthy,Healthy,Healthy,Healthy
2026-01-02 21:00:00,Evening,10466,1.1785475292868886,81.00308924919779,0.0,15.529990751341822,1512.481879242621,1912.4213207647997,113.890660358018,No Alarm,None,None,Running,Healthy,Healthy,Healthy,Warning,Healthy,Healthy,Healthy
2026-01-02 21:10:00,Evening,10622,1.1867643962495698,80.97114003845493,0.0,15.679752472937462,1509.8752015650914,1889.8814422946914,113.72628746603729,No Alarm,None,None,Running,Healthy,Healthy,Healthy,Healthy,Healthy,Healthy,Healthy
2026-01-02 21:20:00,Evening,10585,1.1477648688768687,80.91776242288384,0.0,14.116614282109554,1510.8971866139443,1904.6896867640544,113.79910550123896,No Alarm,None,None,Running,Healthy,Healthy,Warning,Healthy,Healthy,Healthy,Healthy
2026-01-02 21:30:00,Evening,10947,1.2129064373228666,79.99315678422951,0.0,15.011563265833265,1509.4016683742282,1890.154423894093,112.47711716022745,No Alarm,None,None,Running,Healthy,Healthy,Warning,Warning,Healthy,Healthy,Warning
2026-01-02 21:40:00,Evening,10476,1.1913076942290588,80.74996632799659,0.0,15.35635078930218,1509.2582203756617,1880.4672640249964,112.9251371094264,No Alarm,None,None,Running,Healthy,Healthy,Healthy,Healthy,Healthy,Healthy,Healthy
2026-01-02 21:50:00,Evening,10372,1.2124648489080383,81.76205072595359,14.0,14.74617869710157,1509.9514143774204,1882.0681924785895,113.70279084178576,Water Flow Alarm,Critical,Mechanical,Stopped,Healthy,Healthy,Healthy,Healthy,Healthy,Healthy,Warning
2026-01-02 22:00:00,Night,10945,1.206968360804219,81.10356747606619,0.0,15.499152616268919,1507.2505712302498,1888.5281164424316,115.9295256465804,No Alarm,None,None,Running,Healthy,Healthy,Healthy,Healthy,Healthy,Healthy,Healthy
2026-01-02 22:10:00,Night,10338,1.2351155069539472,81.55985361360109,0.0,15.37740929576589,1510.8303637026054,1879.3631882352124,114.80800671310601,No Alarm,None,None,Running,Healthy,Healthy,Healthy,Healthy,Healthy,Healthy,Healthy
2026-01-02 22:20:00,Night,10571,1.1896093708819744,80.89571685151336,0.0,14.191538131607645,1512.1429029763299,1886.5022723575153,114.59889261229742,No Alarm,None,None,Running,Healthy,Healthy,Healthy,Healthy,Healthy,Healthy,Healthy
2026-01-02 22:30:00,Night,10029,1.2024427738244647,82.05376986029138,0.0,14.360748973790056,1516.3906075018162,1866.6372201040292,117.03317018426056,No Alarm,None,None,Running,Healthy,Healthy,Healthy,Healthy,Healthy,Healthy,Healthy
2026-01-02 22:40:00,Night,10166,1.3141468317353266,81.43671330012279,0.0,17.439776483913356,1512.3491634046184,1861.779731664796,117.84795363720256,No Alarm,None,None,Running,Warning,Healthy,Healthy,Healthy,Healthy,Healthy,Warning
2026-01-02 22:50:00,Night,10058,1.2151526341999475,81.61600597097078,0.0,15.079912892099033,1506.6756025546254,1887.5632057832256,117.95831377389857,No Alarm,None,None,Running,Healthy,Healthy,Healthy,Healthy,Healthy,Healthy,Healthy
2026-01-02 23:00:00,Night,10418,1.2240574257482104,82.42555660817087,0.0,16.44896568758145,1512.659182087112,1881.7061337412936,115.92891246097408,No Alarm,None,None,Running,Healthy,Healthy,Healthy,Healthy,Healthy,Healthy,Healthy
2026-01-02 23:10:00,Night,10932,1.3149240387936008,82.08669797466665,0.0,16.077005102419573,1520.1312700498866,1864.086383593719,116.88953615932823,No Alarm,None,None,Running,Healthy,Healthy,Healthy,Healthy,Healthy,Healthy,Healthy
2026-01-02 23:20:00,Night,10072,1.349485434805165,81.33210025128542,0.0,17.072411575856606,1515.841082183876,1870.5840491567326,120.21667252774934,No Alarm,None,None,Running,Healthy,Healthy,Healthy,Healthy,Healthy,Warning,Warning
2026-01-02 23:30:00,Night,10976,1.2293565887263207,81.18194656872815,0.0,17.04183106519178,1512.043912509739,1877.0219733402387,118.90549339483564,No Alarm,None,None,Running,Healthy,Healthy,Healthy,Healthy,Healthy,Healthy,Healthy
2026-01-02 23:40:00,Night,10869,1.2552729715033164,81.24367468708047,0.0,14.950741422527159,1515.9471911072667,1870.615714740007,118.88473702153807,No Alarm,None,None,Running,Healthy,Healthy,Healthy,Healthy,Healthy,Healthy,Healthy
2026-01-02 23:50:00,Night,10006,1.2780250379761224,81.52297463870947,0.0,14.646842824771687,1513.014007372525,1866.9895355105507,120.66560527761193,No Alarm,None,None,Running,Healthy,Healthy,Healthy,Healthy,Healthy,Healthy,Healthy
2026-01-03 00:00:00,Night,10016,1.320733812015552,81.21289380410374,0.0,17.409785742095465,1511.8844655789019,1873.2585513072404,121.61200731598258,No Alarm,None,None,Running,Healthy,Healthy,Healthy,Healthy,Healthy,Healthy,Healthy
2026-01-03 00:10:00,Night,10901,1.2399948843082131,81.02414379771622,0.0,14.921169680077513,1514.7973320918436,1857.5029180336753,120.31314053610905,No Alarm,None,None,Running,Healthy,Healthy,Healthy,Healthy,Healthy,Healthy,Warning
2026-01-03 00:20:00,Night,10586,1.2626009325494993,81.6881666938692,0.0,15.768017201994379,1516.2946724294568,1862.6121793124346,121.84785907865074,No Alarm,None,None,Running,Healthy,Healthy,Healthy,Healthy,Healthy,Healthy,Healthy
2026-01-03 00:30:00,Night,10174,1.2932679170399577,80.96701952322807,0.0,15.755706215683363,1511.7804043209658,1861.4013112184787,123.26622220719348,No Alarm,None,None,Running,Healthy,Warning,Warning,Healthy,Healthy,Healthy,Healthy
2026-01-03 00:40:00,Night,10954,1.2826091798034251,81.8369198093388,0.0,16.22032869421154,1513.9791803744658,1858.7142043623019,121.31029899050051,No Alarm,None,None,Running,Healthy,Healthy,Healthy,Healthy,Healthy,Healthy,Healthy
2026-01-03 00:50:00,Night,10562,1.2575309866756033,80.85139693442778,0.0,15.05376198841502,1517.2645738005733,1857.30378693138,123.2387476349502,No Alarm,None,None,Running,Healthy,Healthy,Healthy,Healthy,Healthy,Healthy,Healthy
2026-01-03 01:00:00,Night,10636,1.263683830402911,81.42158586233118,0.0,15.670089818518072,1516.5993625731292,1860.706943260964,122.37574254905937,No Alarm,None,None,Running,Healthy,Warning,Healthy,Healthy,Healthy,Healthy,Healthy
2026-01-03 01:10:00,Night,10679,1.2249713220014513,80.73783480561671,0.0,15.627012253607715,1518.9813361870313,1860.278184710431,122.98469141320128,No Alarm,None,None,Running,Healthy,Healthy,Healthy,Healthy,Healthy,Healthy,Warning
2026-01-03 01:20:00,Night,10202,1.2572340549591476,80.86341088910319,0.0,15.009609466597361,1515.3246654763418,1851.6721299363492,123.89963060990125,No Alarm,None,None,Running,Healthy,Healthy,Healthy,Healthy,Healthy,Healthy,Healthy
2026-01-03 01:30:00,Night,10360,1.2541957819626932,80.06838276543728,0.0,15.187388453781544,1520.505247361257,1866.7079920603783,125.51254144988386,No Alarm,None,None,Running,Healthy,Healthy,Healthy,Warning,Healthy,Warning,Healthy
2026-01-03 01:40:00,Night,10129,1.2666144743571706,79.89423777375991,0.0,15.589512945945659,1516.1098939723286,1852.8930242517379,124.86885932449958,No Alarm,None,None,Running,Healthy,Healthy,Healthy,Healthy,Healthy,Healthy,Healthy
2026-01-03 01:50:00,Night,10529,1.2401131951383406,80.29550197523251,0.0,14.501244135270863,1523.515285084887,1859.5433032333274,124.73996411801004,No Alarm,None,None,Running,Healthy,Healthy,Healthy,Healthy,Healthy,Healthy,Healthy
2026-01-03 02:00:00,Night,10988,1.2677133398325164,80.38214433305052,0.0,15.550624059947333,1515.4471924067118,1859.6839763015148,125.78757604294613,No Alarm,None,None,Running,Healthy,Healthy,Healthy,Healthy,Healthy,Healthy,Healthy
2026-01-03 02:10:00,Night,10628,1.2804232615475695,79.87802122749609,0.0,16.08844834727665,1517.3215022257873,1865.8367192783126,124.49979058470379,No Alarm,None,None,Running,Healthy,Healthy,Healthy,Healthy,Warning,Healthy,Healthy
2026-01-03 02:20:00,Night,10692,1.2508705781604956,79.22351522693003,0.0,15.356197967894296,1521.3999851051524,1847.1092375825742,126.48243250466771,No Alarm,None,None,Running,Healthy,Healthy,Healthy,Warning,Healthy,Healthy,Healthy
2026-01-03 02:30:00,Night,10194,1.2526294409242749,79.07194103688028,0.0,15.46790446650123,1524.8074228165415,1872.4391913400125,127.35762657149209,No Alarm,None,None,Running,Healthy,Warning,Healthy,Healthy,Healthy,Healthy,Healthy
2026-01-03 02:40:00,Night,10542,1.2392563450315621,78.92582646072825,5.0,15.476773143259917,1521.71061470991,1861.2999459410228,125.87706178028374,Water Flow Alarm,Low,Electrical,Stopped,Healthy,Healthy,Warning,Healthy,Healthy,Healthy,Healthy
2026-01-03 02:50:00,Night,10995,1.232978661155457,78.67376206305913,0.0,14.953212840740592,1522.5915149187413,1878.0274056732494,125.64140069451066,No Alarm,None,None,Running,Healthy,Healthy,Healthy,Healthy,Healthy,Healthy,Healthy
2026-01-03 03:00:00,Night,10089,1.2063877998125685,79.31303237508807,0.0,15.56359129376392,1521.4741176665957,1866.1351907330036,126.18638399428569,No Alarm,None,None,Running,Healthy,Healthy,Healthy,Healthy,Healthy,Healthy,Healthy
2026-01-03 03:10:00,Night,10204,1.2323469947169476,79.61275492148367,0.0,16.40952212132309,1519.0941122315442,1871.3960316608363,123.10043359894067,No Alarm,None,None,Running,Healthy,Healthy,Healthy,Healthy,Healthy,Healthy,Healthy
2026-01-03 03:20:00,Night,10720,1.2145264004218153,79.05668111946862,0.0,14.856513730735877,1520.6479486482535,1889.048684537545,125.91981931782178,No Alarm,None,None,Running,Healthy,Healthy,Healthy,Healthy,Healthy,Warning,Healthy
2026-01-03 03:30:00,Night,10011,1.2746247691088863,78.06370140367741,12.0,16.272448375895475,1519.039526714164,1873.5879814333991,128.6862303680661,Mold Level Low,High,Mechanical,Stopped,Healthy,Healthy,Healthy,Healthy,Healthy,Healthy,Healthy
2026-01-03 03:40:00,Night,10207,1.2532243049907048,78.8045464360515,0.0,15.497571803579557,1519.0508630190257,1887.8932630844981,124.45548665047552,No Alarm,None,None,Running,Healthy,Healthy,Healthy,Healthy,Healthy,Healthy,Healthy
2026-01-03 03:50:00,Night,10945,1.211620124512999,78.73648170922881,0.0,15.40109269793944,1523.4122318407683,1880.5684210730237,124.052490149471,No Alarm,None,None,Running,Healthy,Healthy,Healthy,Healthy,Healthy,Healthy,Healthy
2026-01-03 04:00:00,Night,10020,1.1710196623515086,79.56906889382742,0.0,15.733791451236135,1519.741620400333,1885.940725759472,124.63859121261797,No Alarm,None,None,Running,Healthy,Healthy,Healthy,Healthy,Healthy,Healthy,Healthy
2026-01-03 04:10:00,Night,10430,1.1542701910971518,78.08569201032728,0.0,14.784439068827066,1523.4712862037936,1885.6155860624872,125.23405321723105,No Alarm,None,None,Running,Healthy,Healthy,Healthy,Healthy,Healthy,Healthy,Warning
2026-01-03 04:20:00,Night,10330,1.2169918296780347,78.45939476681166,0.0,13.971007693808657,1519.521503130607,1894.3436661371238,123.91043724618612,No Alarm,None,None,Running,Healthy,Healthy,Healthy,Healthy,Healthy,Warning,Healthy
2026-01-03 04:30:00,Night,10399,1.1826585745869496,79.2547333822743,0.0,15.10102912434974,1523.6012402852919,1884.6368006277107,119.60718746739548,No Alarm,None,None,Running,Fault,Healthy,Healthy,Healthy,Healthy,Healthy,Healthy
2026-01-03 04:40:00,Night,10259,1.1826225069097378,78.71901835518429,0.0,15.64578595668803,1521.7031524231516,1884.852755919716,122.30151333504251,No Alarm,None,None,Running,Healthy,Healthy,Healthy,Healthy,Healthy,Healthy,Warning
2026-01-03 04:50:00,Night,10276,1.109266517607743,78.74112673238146,0.0,13.710714151098115,1526.4861657703173,1890.2529458737617,124.12702910576536,No Alarm,None,None,Running,Healthy,Healthy,Warning,Healthy,Healthy,Healthy,Healthy
2026-01-03 05:00:00,Night,10761,1.182777338168585,78.54871073284046,0.0,15.481661091389796,1523.803772348931,1898.816257375458,121.19252192961753,No Alarm,None,None,Running,Healthy,Healthy,Warning,Healthy,Healthy,Healthy,Healthy
2026-01-03 05:10:00,Night,10026,1.1619215936150284,78.63232050113209,0.0,14.040939041381494,1526.0887984919286,1898.9178461235833,118.46049790491055,No Alarm,None,None,Running,Healthy,Warning,Healthy,Healthy,Healthy,Healthy,Healthy
2026-01-03 05:20:00,Night,10130,1.1083161422400207,78.81926128415631,0.0,12.814074366334667,1521.0950964306678,1909.0293768274746,119.58618179272376,No Alarm,None,None,Running,Warning,Healthy,Healthy,Healthy,Healthy,Healthy,Healthy
2026-01-03 05:30:00,Night,10265,1.120849227434389,78.20265093800025,12.0,14.109433656112712,1523.0894871596724,1916.4329419850903,117.12064145726994,Mold Level Low,Medium,Electrical,Stopped,Healthy,Healthy,Warning,Healthy,Healthy,Healthy,Healthy
2026-01-03 05:40:00,Night,10827,1.1363186965796361,78.90612398771887,0.0,12.974450002723033,1520.4414578189062,1900.8096572891739,119.55972465581745,No Alarm,None,None,Running,Healthy,Healthy,Healthy,Healthy,Healthy,Healthy,Healthy
2026-01-03 05:50:00,Night,10394,1.1234600205561556,78.04418404661767,0.0,13.87541054792643,1521.7854781843923,1905.3277684848392,116.37537559892324,No Alarm,None,None,Running,Healthy,Warning,Healthy,Warning,Healthy,Healthy,Healthy
2026-01-03 06:00:00,Morning,10035,1.1066864664260854,78.77297964612268,0.0,14.734370414177919,1522.0700016555327,1902.242681806293,117.07835655550697,No Alarm,None,None,Running,Healthy,Healthy,Healthy,Healthy,Healthy,Healthy,Healthy
2026-01-03 06:10:00,Morning,10521,1.1060191427881503,78.77080369614934,0.0,12.488405250829482,1520.7970784495249,1932.44780825054,115.45683995776399,No Alarm,None,None,Running,Healthy,Healthy,Healthy,Healthy,Warning,Healthy,Healthy
2026-01-03 06:20:00,Morning,10628,1.0953627870077585,78.51949229153956,0.0,12.796387080457253,1519.4404032970833,1921.0424127183273,115.3624590256646,No Alarm,None,None,Running,Healthy,Warning,Healthy,Healthy,Warning,Healthy,Healthy
2026-01-03 06:30:00,Morning,10458,1.1014425660074811,78.83220205297059,0.0,13.04560950348041,1518.7941095719814,1924.7610491667206,117.37338306673993,No Alarm,None,None,Running,Healthy,Healthy,Healthy,Healthy,Healthy,Healthy,Healthy
2026-01-03 06:40:00,Morning,10089,1.1351179847312172,78.67556877605745,0.0,14.144650907342543,1516.3089590878556,1912.4255823730955,115.33001972591475,No Alarm,None,None,Running,Healthy,Healthy,Healthy,Healthy,Healthy,Healthy,Healthy
2026-01-03 06:50:00,Morning,10880,1.0082631417606123,78.58667682040304,0.0,12.347287522055307,1519.3299976189194,1925.2596698209118,114.19859834686672,No Alarm,None,None,Running,Healthy,Healthy,Healthy,Healthy,Healthy,Healthy,Healthy
2026-01-03 07:00:00,Morning,10859,1.0726468109949403,78.97151780855685,0.0,14.387480604624015,1523.3347093908233,1931.3525286780302,113.21039878567481,No Alarm,None,None,Running,Warning,Healthy,Healthy,Warning,Warning,Healthy,Healthy
2026-01-03 07:10:00,Morning,10912,1.0797538735844086,78.7751310154028,6.0,14.164967250169296,1517.5479277776042,1927.1448052676103,112.10776976626296,Roller Jam,Low,Mechanical,Stopped,Healthy,Warning,Healthy,Healthy,Healthy,Healthy,Healthy
2026-01-03 07:20:00,Morning,10964,1.0782775954606112,79.45504447198286,0.0,13.825161005505658,1517.8857094233692,1939.5312512647731,112.67782883752966,No Alarm,None,None,Running,Healthy,Healthy,Healthy,Healthy,Healthy,Healthy,Warning
2026-01-03 07:30:00,Morning,10318,1.0534283214760665,78.97976867016288,0.0,13.26979523849155,1525.529343641212,1951.041598505427,114.19742859020604,No Alarm,None,None,Running,Healthy,Warning,Warning,Healthy,Healthy,Healthy,Healthy
2026-01-03 07:40:00,Morning,10422,1.007335644990329,79.8423590655753,0.0,12.866956406268491,1519.1918106714752,1926.4471905760538,115.18238969278549,No Alarm,None,None,Running,Healthy,Healthy,Warning,Healthy,Healthy,Healthy,Healthy
2026-01-03 07:50:00,Morning,10960,1.065606293776205,79.20581268280402,0.0,12.7166910234832,1521.302164786738,1927.1725785011056,113.33660802511048,No Alarm,None,None,Running,Healthy,Healthy,Healthy,Healthy,Warning,Healthy,Healthy
2026-01-03 08:00:00,Morning,10450,1.103606836045972,79.57495440862094,0.0,14.39513269806428,1521.8080955875082,1929.4957615048763,115.95646257630564,No Alarm,None,None,Running,Warning,Healthy,Healthy,Healthy,Healthy,Healthy,Healthy
2026-01-03 08:10:00,Morning,10865,1.002093438484951,79.67607694285525,0.0,11.747737003010446,1521.5483679556446,1950.3736955942327,113.3328227005233,No Alarm,None,None,Running,Healthy,Healthy,Warning,Healthy,Healthy,Healthy,Healthy
2026-01-03 08:20:00,Morning,10648,1.070661468707864,80.58093708753779,0.0,13.96803225457986,1515.7637893807598,1946.7025251061907,114.08823549074246,No Alarm,None,None,Running,Healthy,Healthy,Healthy,Healthy,Healthy,Healthy,Healthy
2026-01-03 08:30:00,Morning,10928,1.031852991808294,80.30760134630818,9.0,13.728462149086855,1518.658026526015,1937.94859816833,113.31459848025118,Water Flow Alarm,Low,Process,Stopped,Healthy,Warning,Healthy,Healthy,Healthy,Warning,Healthy
2026-01-03 08:40:00,Morning,10011,1.0371652846336445,80.21418087580129,0.0,13.112171279382219,1514.8456213370343,1939.8210212054921,116.08909980620545,No Alarm,None,None,Running,Healthy,Healthy,Healthy,Healthy,Healthy,Healthy,Healthy
2026-01-03 08:50:00,Morning,10707,1.0050568152057586,80.61967688619102,0.0,12.4398610487986,1524.652771995888,1933.3163007009503,117.75824930010978,No Alarm,None,None,Running,Healthy,Healthy,Healthy,Healthy,Healthy,Healthy,Healthy
2026-01-03 09:00:00,Morning,10801,1.0245986158037768,79.69571059210138,5.0,13.08769963336398,1514.1867364250058,1947.1119332676524,113.51565503988701,Mold Level Low,High,Process,Stopped,Healthy,Warning,Healthy,Healthy,Healthy,Healthy,Healthy
2026-01-03 09:10:00,Morning,10199,1.071978150834961,80.6359944892208,0.0,11.396664026366542,1515.1833381157883,1936.917892568229,115.64670498057163,No Alarm,None,None,Running,Warning,Healthy,Healthy,Healthy,Healthy,Healthy,Healthy
2026-01-03 09:20:00,Morning,10736,1.049162072061885,81.56238017096813,0.0,13.326106653713385,1514.8234447168618,1937.6643646211826,118.05144554978565,No Alarm,None,None,Running,Healthy,Healthy,Healthy,Healthy,Healthy,Healthy,Healthy
2026-01-03 09:30:00,Morning,10196,1.082722448590254,80.9211415324927,0.0,13.454682808890311,1513.2992427489141,1944.2265859569786,115.3036194045486,No Alarm,None,None,Running,Healthy,Healthy,Healthy,Healthy,Healthy,Healthy,Healthy
2026-01-03 09:40:00,Morning,10905,1.065514094057027,80.99417092897664,0.0,13.283486496572943,1520.0332246298938,1937.2887471566742,118.25579481642691,No Alarm,None,None,Running,Healthy,Healthy,Healthy,Healthy,Warning,Healthy,Healthy
2026-01-03 09:50:00,Morning,10909,1.0431726582057559,81.27834831273006,0.0,13.534230986600427,1522.314577033563,1936.1770694071945,119.60158292968285,No Alarm,None,None,Running,Healthy,Healthy,Healthy,Healthy,Healthy,Healthy,Healthy
2026-01-03 10:00:00,Morning,10004,1.08249668901491,81.50207977304515,0.0,13.478870367591064,1514.672656420114,1937.2364110073222,118.80835933545288,No Alarm,None,None,Running,Healthy,Healthy,Healthy,Healthy,Healthy,Healthy,Warning
2026-01-03 10:10:00,Morning,10508,1.0438967672472828,80.42165299198032,0.0,12.250564790935224,1512.1623886647162,1942.4446066748044,119.96631335550474,No Alarm,None,None,Running,Healthy,Healthy,Healthy,Warning,Healthy,Healthy,Healthy
2026-01-03 10:20:00,Morning,10383,1.056482968999401,80.6160393098094,0.0,13.107055242914749,1509.4713917234724,1948.0233579620206,122.01752768775252,No Alarm,None,None,Running,Healthy,Healthy,Healthy,Healthy,Healthy,Healthy,Healthy
2026-01-03 10:30:00,Morning,10891,1.0240277507377797,81.43247065135317,0.0,12.847635723078824,1514.0535333819441,1938.1501153994109,122.84195859907186,No Alarm,None,None,Running,Fault,Warning,Warning,Healthy,Healthy,Healthy,Healthy
2026-01-03 10:40:00,Morning,10321,1.0365640595044725,81.11242958964988,0.0,13.037504481912615,1513.473831640275,1938.3588678138212,121.02385371824214,No Alarm,None,None,Running,Healthy,Healthy,Healthy,Healthy,Healthy,Healthy,Healthy
2026-01-03 10:50:00,Morning,10721,1.015643956967169,81.96351104355162,0.0,12.808893019189158,1512.2392826562989,1928.6577809937187,121.04275559945503,No Alarm,None,None,Running,Healthy,Healthy,Warning,Healthy,Healthy,Healthy,Healthy
2026-01-03 11:00:00,Morning,10117,1.0686031891689618,81.34296670870178,0.0,14.085098196055009,1514.026569483947,1922.7840660108895,121.14422544860832,No Alarm,None,None,Running,Healthy,Healthy,Healthy,Healthy,Healthy,Healthy,Healthy
2026-01-03 11:10:00,Morning,10213,1.0062583265962386,80.71536395660883,0.0,11.818004895329079,1514.0704889593023,1931.741792356476,123.96468783864418,No Alarm,None,None,Running,Healthy,Healthy,Healthy,Healthy,Healthy,Healthy,Healthy
2026-01-03 11:20:00,Morning,10986,1.068104168636932,80.99177495193256,0.0,13.474292427277044,1513.5044816115244,1925.8255045201076,121.66242941810098,No Alarm,None,None,Running,Healthy,Healthy,Healthy,Healthy,Healthy,Healthy,Healthy
2026-01-03 11:30:00,Morning,10385,1.0422654708375045,80.398510814331,0.0,13.931269174501576,1511.5264355180102,1910.9115729507087,123.48864243245187,No Alarm,None,None,Running,Healthy,Warning,Healthy,Healthy,Healthy,Healthy,Healthy
2026-01-03 11:40:00,Morning,10766,1.0867885396936754,81.39373230589345,0.0,12.370628698314906,1509.189374088592,1917.406027829174,124.36024446822736,No Alarm,None,None,Running,Healthy,Healthy,Healthy,Healthy,Healthy,Healthy,Healthy
2026-01-03 11:50:00,Morning,10968,1.0781467887187768,81.39070709931413,0.0,13.602587535530747,1513.2423322081534,1917.016399450463,124.03636432213482,No Alarm,None,None,Running,Healthy,Healthy,Healthy,Healthy,Healthy,Healthy,Healthy
2026-01-03 12:00:00,Morning,10966,1.1145009151168028,81.264778808694,0.0,13.521496487578904,1511.2519085073661,1911.1663567299697,125.33234122986963,No Alarm,None,None,Running,Warning,Healthy,Healthy,Healthy,Healthy,Warning,Healthy
2026-01-03 12:10:00,Morning,10020,1.0863436543452611,81.82466216520747,0.0,13.31979841018459,1513.0938390375418,1924.606595684428,128.38063852322628,No Alarm,None,None,Running,Healthy,Healthy,Healthy,Healthy,Healthy,Healthy,Healthy
2026-01-03 12:20:00,Morning,10233,1.022062155762253,81.8213963596775,11.0,12.142411694778065,1512.5107707033862,1914.0374567589731,125.41098181566733,Hydraulic Pressure Drop,High,Mechanical,Stopped,Healthy,Healthy,Healthy,Warning,Healthy,Healthy,Healthy
2026-01-03 12:30:00,Morning,10715,1.072266964555843,81.21339695904284,0.0,13.284651555957725,1506.6549719817403,1918.5848663749268,125.23256824480562,No Alarm,None,None,Running,Healthy,Healthy,Warning,Healthy,Healthy,Healthy,Healthy
2026-01-03 12:40:00,Morning,10927,1.044401197577766,80.35834424484123,0.0,14.343893899820909,1506.3095910225725,1907.0738287916242,127.11410545344306,No Alarm,None,None,Running,Healthy,Healthy,Healthy,Healthy,Healthy,Healthy,Healthy
2026-01-03 12:50:00,Morning,10979,1.0695162188319745,81.38139039166305,0.0,12.48385148257563,1507.7048236063142,1902.9624242228253,126.2649519455038,No Alarm,None,None,Running,Healthy,Healthy,Healthy,Healthy,Healthy,Healthy,Healthy
2026-01-03 13:00:00,Morning,10721,1.136105034163823,81.27100413888608,0.0,13.382585925312608,1506.6650537403202,1892.1531650875017,127.72667408609726,No Alarm,None,None,Running,Healthy,Healthy,Healthy,Healthy,Healthy,Healthy,Healthy
2026-01-03 13:10:00,Morning,10105,1.1157805297953831,81.07971942738989,0.0,13.035902423327837,1510.920121300191,1897.0775829742956,126.15917115986603,No Alarm,None,None,Running,Healthy,Healthy,Healthy,Warning,Healthy,Healthy,Healthy
2026-01-03 13:20:00,Morning,10743,1.081737541128207,81.24902266125483,0.0,14.730912064742258,1509.6514575616952,1894.4361849088366,125.56594722478832,No Alarm,None,None,Running,Healthy,Healthy,Healthy,Healthy,Healthy,Healthy,Healthy
2026-01-03 13:30:00,Morning,10272,1.0784908047904345,80.2850234903142,0.0,13.15749726601553,1511.277898666371,1880.7696321034557,123.56750256700722,No Alarm,None,None,Running,Healthy,Healthy,Healthy,Healthy,Healthy,Warning,Healthy
2026-01-03 13:40:00,Morning,10809,1.1162094724202158,81.44376890456472,0.0,13.934671063009326,1509.2940828193694,1884.8019592482124,123.55117598477084,No Alarm,None,None,Running,Healthy,Healthy,Healthy,Healthy,Healthy,Healthy,Healthy
2026-01-03 13:50:00,Morning,10548,1.08516018853166,80.14136394564325,0.0,13.282554297871382,1508.6141561722202,1883.9918997879424,123.02400157250254,No Alarm,None,None,Running,Healthy,Warning,Healthy,Healthy,Healthy,Healthy,Healthy
2026-01-03 14:00:00,Evening,10184,1.1080412239897108,80.70604785334214,0.0,13.189419284989222,1510.8987881822084,1887.4056090275885,125.36180452669974,No Alarm,None,None,Running,Healthy,Healthy,Healthy,Healthy,Healthy,Healthy,Warning
2026-01-03 14:10:00,Evening,10844,1.1441214982102121,79.60982293764984,9.0,14.136913274997548,1508.8984612372806,1885.3788360633578,122.90263057687542,Water Flow Alarm,Medium,Process,Stopped,Healthy,Healthy,Healthy,Warning,Warning,Healthy,Healthy
2026-01-03 14:20:00,Evening,10989,1.1760533780930749,79.7890831035944,0.0,16.421437750179027,1507.7372603067192,1874.70910617576,125.62941971633174,No Alarm,None,None,Running,Warning,Warning,Healthy,Healthy,Healthy,Healthy,Healthy
2026-01-03 14:30:00,Evening,10507,1.1663162189676974,80.64304468000593,0.0,15.553402381778197,1511.129584102361,1880.8739306159525,123.70322675540272,No Alarm,None,None,Running,Healthy,Healthy,Healthy,Healthy,Healthy,Healthy,Healthy
2026-01-03 14:40:00,Evening,10813,1.085980053891443,79.80719222864325,0.0,12.977694201188447,1507.5967722728456,1873.5313001449067,122.88147181379814,No Alarm,None,None,Running,Healthy,Healthy,Healthy,Healthy,Healthy,Healthy,Healthy
2026-01-03 14:50:00,Evening,10060,1.170500545104497,80.1231900021808,0.0,15.084558685949393,1506.4475610444465,1850.0070527474372,121.63771674977014,No Alarm,None,None,Running,Healthy,Healthy,Healthy,Healthy,Healthy,Healthy,Healthy
2026-01-03 15:00:00,Evening,10272,1.1701462723565315,79.7591486952075,0.0,14.04476246359018,1505.0329218124027,1867.182593502618,122.84641871166421,No Alarm,None,None,Running,Healthy,Warning,Warning,Healthy,Healthy,Healthy,Healthy
2026-01-03 15:10:00,Evening,10128,1.1869621998448618,79.50185829630706,0.0,13.59357015086842,1508.8237882097385,1877.916889350828,120.56269661361331,No Alarm,None,None,Running,Healthy,Healthy,Healthy,Warning,Healthy,Healthy,Healthy
2026-01-03 15:20:00,Evening,10284,1.2295162696511943,79.97202264184678,0.0,16.08261101300517,1510.1174258262733,1854.1917652948919,119.7587579654066,No Alarm,None,None,Running,Healthy,Healthy,Healthy,Healthy,Healthy,Healthy,Healthy
2026-01-03 15:30:00,Evening,10376,1.125521571904811,79.21844039120903,0.0,14.881084641460625,1506.8768397255428,1867.0527134363176,121.77094477335596,No Alarm,None,None,Running,Healthy,Healthy,Healthy,Warning,Healthy,Warning,Healthy
2026-01-03 15:40:00,Evening,10432,1.175958898284458,78.49219743905735,0.0,15.431722804289253,1510.2715936108655,1877.4886295045578,120.17073718462832,No Alarm,None,None,Running,Healthy,Healthy,Warning,Warning,Healthy,Healthy,Healthy
2026-01-03 15:50:00,Evening,10323,1.2175576543807185,78.7801065664639,0.0,14.89056500530528,1502.0952546170183,1857.5333495807404,118.86608936025806,No Alarm,None,None,Running,Healthy,Healthy,Healthy,Healthy,Healthy,Warning,Healthy
2026-01-03 16:00:00,Evening,10545,1.15836733819244,79.22502586516123,0.0,14.36284871360411,1506.9200915192152,1862.6087960356401,119.32904999395781,No Alarm,None,None,Running,Healthy,Healthy,Healthy,Healthy,Healthy,Healthy,Healthy
2026-01-03 16:10:00,Evening,10220,1.2559061223563743,79.07280824005439,0.0,16.223662417015365,1507.0167694871348,1851.2990214937827,117.99576909243,No Alarm,None,None,Running,Healthy,Healthy,Warning,Healthy,Healthy,Healthy,Healthy
2026-01-03 16:20:00,Evening,10348,1.2283006701523629,78.20536982836579,14.0,15.627805603048213,1505.3775060252365,1874.0585696305263,117.89051976356512,Roller Jam,Low,Electrical,Stopped,Warning,Healthy,Healthy,Healthy,Healthy,Healthy,Healthy
2026-01-03 16:30:00,Evening,10841,1.248062303941654,78.46814972952086,0.0,15.325232569362745,1513.252138195408,1859.856716659201,115.92220919666988,No Alarm,None,None,Running,Healthy,Healthy,Healthy,Healthy,Healthy,Warning,Healthy
2026-01-03 16:40:00,Evening,10563,1.2107270707675992,78.45951260235479,0.0,14.000738110512275,1507.2437624349332,1860.5544362777914,118.88937763540716,No Alarm,None,None,Running,Healthy,Healthy,Healthy,Healthy,Healthy,Healthy,Healthy
2026-01-03 16:50:00,Evening,10027,1.2572186549722846,78.48940439112135,0.0,15.794945823052966,1506.5256484406145,1870.8507750443162,115.24774902646195,No Alarm,None,None,Running,Healthy,Healthy,Healthy,Healthy,Healthy,Warning,Healthy
2026-01-03 17:00:00,Evening,10329,1.269554747055328,78.03808745204495,0.0,16.62474108565688,1507.7642456852543,1865.3207874716988,117.38943953847048,No Alarm,None,None,Running,Healthy,Healthy,Healthy,Healthy,Healthy,Healthy,Healthy
2026-01-03 17:10:00,Evening,10830,1.2489118029543758,78.29976184208158,0.0,14.773085734605788,1502.8649189342866,1853.21410272789,114.91924478356319,No Alarm,None,None,Running,Healthy,Healthy,Healthy,Healthy,Healthy,Warning,Healthy
2026-01-03 17:20:00,Evening,10181,1.2530987035089047,78.2323794017839,0.0,16.110865361034495,1506.162712750753,1855.4078198504506,115.78657208662821,No Alarm,None,None,Running,Healthy,Healthy,Healthy,Healthy,Healthy,Healthy,Healthy
2026-01-03 17:30:00,Evening,10922,1.258021762448392,78.81539550433058,0.0,15.957351217198486,1510.7282522017913,1865.0875126064318,115.42306816783018,No Alarm,None,None,Running,Healthy,Healthy,Healthy,Healthy,Healthy,Warning,Healthy
2026-01-03 17:40:00,Evening,10296,1.2275476064545696,78.82375289789408,0.0,15.869448864944754,1506.922379719376,1856.8498128477204,115.69670102847029,No Alarm,None,None,Running,Fault,Healthy,Healthy,Healthy,Healthy,Healthy,Healthy
2026-01-03 17:50:00,Evening,10631,1.2522394013875018,78.44551227883638,0.0,16.263375367147077,1506.6634057825986,1845.789078747025,113.14695732419307,No Alarm,None,None,Running,Healthy,Healthy,Healthy,Healthy,Warning,Healthy,Healthy
2026-01-03 18:00:00,Evening,10476,1.2549777541137446,78.36113664551242,0.0,15.201096257074061,1512.2659161171127,1863.3509391306225,115.34008936087594,No Alarm,None,None,Running,Warning,Healthy,Healthy,Healthy,Warning,Healthy,Healthy
2026-01-03 18:10:00,Evening,10626,1.2736053733979813,78.59832443191175,0.0,14.788195587359304,1512.6142629805163,1853.1459365975575,116.2181329657769,No Alarm,None,None,Running,Warning,Healthy,Healthy,Healthy,Healthy,Warning,Healthy
2026-01-03 18:20:00,Evening,10798,1.2943025026028512,78.25024348751187,0.0,15.805317614557623,1510.841966055959,1879.2842171551883,113.70497782018788,No Alarm,None,None,Running,Healthy,Healthy,Healthy,Healthy,Healthy,Healthy,Healthy
2026-01-03 18:30:00,Evening,10150,1.2344031994209232,78.16253662582766,0.0,16.052429115030446,1508.711182874619,1869.284072034347,114.12985697752332,No Alarm,None,None,Running,Healthy,Healthy,Healthy,Healthy,Healthy,Healthy,Healthy
2026-01-03 18:40:00,Evening,10353,1.2639020935548189,78.29914588144645,0.0,15.419373436967057,1509.562659757959,1862.2869264205042,113.59194268218124,No Alarm,None,None,Running,Healthy,Healthy,Healthy,Healthy,Healthy,Healthy,Healthy
2026-01-03 18:50:00,Evening,10569,1.3132260822832578,78.48446844440058,0.0,15.929495701840374,1508.4754178643677,1865.733203005998,113.99397517024966,No Alarm,None,None,Running,Fault,Healthy,Warning,Healthy,Healthy,Healthy,Healthy
2026-01-03 19:00:00,Evening,10261,1.2472383022671953,78.34491962089716,0.0,14.315533538992694,1508.3345984854145,1858.1284264818876,116.70888249425782,No Alarm,None,None,Running,Healthy,Healthy,Warning,Healthy,Healthy,Warning,Healthy
2026-01-03 19:10:00,Evening,10376,1.245273107801811,78.95530535734768,0.0,16.792767135708296,1508.5566725725841,1866.4881302166964,113.74897389013114,No Alarm,None,None,Running,Healthy,Healthy,Healthy,Healthy,Healthy,Healthy,Healthy
2026-01-03 19:20:00,Evening,10886,1.2760343614046143,79.2702407276198,0.0,16.528429066555397,1509.978339006462,1885.564438043578,114.17281033247515,No Alarm,None,None,Running,Healthy,Healthy,Healthy,Warning,Healthy,Healthy,Healthy
2026-01-03 19:30:00,Evening,10230,1.2949511310280155,78.43847871806436,0.0,16.725816324742528,1509.3011232786848,1897.538425548314,117.63265898473331,No Alarm,None,None,Running,Healthy,Healthy,Healthy,Healthy,Healthy,Healthy,Healthy
2026-01-03 19:40:00,Evening,10190,1.2692476553720564,79.18476467128252,0.0,16.543003462896337,1508.3508922558854,1887.835851741473,116.88822931092403,No Alarm,None,None,Running,Healthy,Healthy,Warning,Healthy,Healthy,Healthy,Healthy
2026-01-03 19:50:00,Evening,10584,1.307692093839997,79.1938618596521,0.0,16.749847026080346,1513.18773920896,1883.7087433065274,119.16098895934945,No Alarm,None,None,Running,Healthy,Warning,Healthy,Healthy,Healthy,Healthy,Healthy
2026-01-03 20:00:00,Evening,10100,1.2920819394610155,79.53054700623012,0.0,15.979994044637023,1513.6106996583405,1883.4789199505797,116.5875981230785,No Alarm,None,None,Running,Healthy,Healthy,Healthy,Healthy,Healthy,Warning,Healthy
2026-01-03 20:10:00,Evening,10002,1.2898284664947082,79.50508166946156,0.0,16.00822095829831,1517.6661092179731,1881.830186750725,117.81993651192103,No Alarm,None,None,Running,Healthy,Healthy,Healthy,Healthy,Healthy,Healthy,Healthy
2026-01-03 20:20:00,Evening,10870,1.279039571936243,79.04853013353535,0.0,15.68869959398855,1512.1371618725998,1908.5545674323296,117.43915805847229,No Alarm,None,None,Running,Healthy,Healthy,Healthy,Healthy,Warning,Healthy,Healthy
2026-01-03 20:30:00,Evening,10277,1.3297410083454448,79.24729496189677,15.0,18.46608113240856,1514.9451190988673,1893.195940381174,118.98516860455847,Water Flow Alarm,Medium,Mechanical,Stopped,Warning,Healthy,Healthy,Healthy,Healthy,Healthy,Healthy
2026-01-03 20:40:00,Evening,10121,1.2509127575864922,79.88802043356564,0.0,16.02554789174076,1515.3854963211602,1914.2839788818562,117.2773860179571,No Alarm,None,None,Running,Healthy,Healthy,Healthy,Warning,Healthy,Healthy,Healthy
2026-01-03 20:50:00,Evening,10657,1.193787761811839,80.41262256394994,0.0,14.597686713701984,1514.3689587247593,1911.1718402600961,120.82727440882032,No Alarm,None,None,Running,Healthy,Healthy,Healthy,Healthy,Healthy,Healthy,Healthy
2026-01-03 21:00:00,Evening,10481,1.298526307469841,79.24028673512042,0.0,16.557426585289406,1517.2642154743287,1888.761951450249,120.9924714821458,No Alarm,None,None,Running,Healthy,Healthy,Healthy,Healthy,Healthy,Healthy,Warning
2026-01-03 21:10:00,Evening,10456,1.2328631469789042,80.38822957512525,0.0,14.70318109473688,1517.7402751007835,1900.0133987755332,121.12817263647362,No Alarm,None,None,Running,Healthy,Healthy,Healthy,Healthy,Healthy,Healthy,Healthy
2026-01-03 21:20:00,Evening,10439,1.2457279431622497,80.84803032209719,0.0,16.62475399254058,1517.0175454152975,1902.6176229217838,121.30977428273673,No Alarm,None,None,Running,Healthy,Healthy,Healthy,Healthy,Healthy,Healthy,Healthy
2026-01-03 21:30:00,Evening,10146,1.2773900560326623,80.43063064775626,0.0,15.504627333343281,1515.953737038574,1909.9247699425327,121.26771262700595,No Alarm,None,None,Running,Healthy,Healthy,Warning,Healthy,Healthy,Healthy,Healthy
2026-01-03 21:40:00,Evening,10859,1.1853759003499558,80.82816788855932,0.0,15.167958557210174,1516.0888483924773,1912.6276520861736,123.75448417706887,No Alarm,None,None,Running,Healthy,Warning,Healthy,Healthy,Healthy,Healthy,Healthy
2026-01-03 21:50:00,Evening,10002,1.1909769452443542,80.43888476727282,0.0,15.633396156374621,1513.948170627938,1939.5684583023592,121.98694368597805,No Alarm,None,None,Running,Healthy,Warning,Healthy,Healthy,Healthy,Healthy,Healthy
2026-01-03 22:00:00,Night,10484,1.1753283956563438,80.77939354215178,13.0,14.960942926647794,1515.7317249840148,1909.3998007752175,124.48365549212829,Hydraulic Pressure Drop,Critical,Electrical,Stopped,Healthy,Healthy,Healthy,Healthy,Healthy,Healthy,Warning
2026-01-03 22:10:00,Night,10271,1.1941566348700776,80.28006153216116,0.0,14.993086930149717,1516.5635998082166,1922.1884128145477,126.79718923040122,No Alarm,None,None,Running,Healthy,Healthy,Healthy,Healthy,Healthy,Healthy,Healthy
2026-01-03 22:20:00,Night,10642,1.225574048463962,80.08553285471281,0.0,15.327237065198736,1515.6729934769096,1927.5373043163258,126.48589791316292,No Alarm,None,None,Running,Healthy,Healthy,Healthy,Healthy,Healthy,Healthy,Healthy
2026-01-03 22:30:00,Night,10550,1.2223223156556866,81.48811780560463,0.0,15.239520177875109,1519.938331571378,1924.7408248490478,123.24554962534904,No Alarm,None,None,Running,Healthy,Healthy,Healthy,Healthy,Warning,Healthy,Healthy
2026-01-03 22:40:00,Night,10385,1.208921999650402,80.79704392739595,0.0,14.707836053380772,1522.176095793729,1927.67302964053,124.70557356583669,No Alarm,None,None,Running,Healthy,Healthy,Healthy,Healthy,Healthy,Healthy,Healthy
2026-01-03 22:50:00,Night,10535,1.1521316547625222,81.08059483498292,0.0,14.087007283692733,1517.249915370997,1920.352268380953,126.09990418186355,No Alarm,None,None,Running,Healthy,Healthy,Healthy,Healthy,Healthy,Healthy,Healthy
2026-01-03 23:00:00,Night,10227,1.1189550296852937,80.77122873401066,0.0,15.022651132621826,1520.5529225471184,1931.3542275760058,125.6984340112873,No Alarm,None,None,Running,Healthy,Healthy,Healthy,Healthy,Healthy,Healthy,Healthy
2026-01-03 23:10:00,Night,10132,1.1835141915616378,80.81561575972334,0.0,14.717951751640864,1517.5711803403474,1936.2496127277775,124.2343149308049,No Alarm,None,None,Running,Healthy,Healthy,Healthy,Healthy,Healthy,Healthy,Healthy
2026-01-03 23:20:00,Night,10906,1.1612573733905862,81.35429152875156,0.0,13.965659778814386,1519.6934035331972,1936.2924347850985,126.44772365521503,No Alarm,None,None,Running,Healthy,Warning,Healthy,Healthy,Healthy,Healthy,Healthy
2026-01-03 23:30:00,Night,10614,1.182640890175088,81.16633673489984,0.0,14.421602809385544,1519.0154993528508,1939.5968504237321,125.9852633761238,No Alarm,None,None,Running,Healthy,Warning,Healthy,Healthy,Healthy,Healthy,Healthy
2026-01-03 23:40:00,Night,10654,1.1833083956350832,81.63357671023287,0.0,15.561614421926595,1522.5173264443333,1947.544064949704,128.24649040160938,No Alarm,None,None,Running,Healthy,Healthy,Healthy,Healthy,Healthy,Healthy,Healthy
2026-01-03 23:50:00,Night,10999,1.1597497013742366,81.67733596984395,0.0,14.969795910393094,1519.5718525732213,1944.7858713862183,125.53799829102893,No Alarm,None,None,Running,Healthy,Healthy,Healthy,Healthy,Healthy,Healthy,Healthy
2026-01-04 00:00:00,Night,10905,1.171741835446427,81.62820764869075,0.0,15.039003367842918,1524.0385409343235,1938.7417606876872,127.07767955815336,No Alarm,None,None,Running,Healthy,Healthy,Healthy,Healthy,Healthy,Healthy,Warning
2026-01-04 00:10:00,Night,10585,1.149152846000891,81.58844557213543,0.0,14.184145735774285,1521.119384773406,1929.509013834259,123.93305870350451,No Alarm,None,None,Running,Healthy,Healthy,Healthy,Healthy,Healthy,Healthy,Warning
2026-01-04 00:20:00,Night,10793,1.15154093965546,82.1068879099506,0.0,14.79561547481431,1520.3171435311463,1934.6219656250682,123.94295270463827,No Alarm,None,None,Running,Warning,Healthy,Healthy,Healthy,Healthy,Healthy,Healthy
2026-01-04 00:30:00,Night,10528,1.1079056069909852,81.02127594544913,0.0,13.398327299921862,1518.9980064797119,1938.0287417397742,125.7138347737733,No Alarm,None,None,Running,Healthy,Healthy,Healthy,Healthy,Healthy,Healthy,Healthy
2026-01-04 00:40:00,Night,10238,1.1171289256611372,81.38882041846198,0.0,13.782381748822173,1522.9365732815595,1941.9915804819354,125.77115589960495,No Alarm,None,None,Running,Healthy,Healthy,Healthy,Healthy,Healthy,Healthy,Healthy
2026-01-04 00:50:00,Night,10623,1.121976815607033,81.81655969029104,0.0,14.703573336262137,1524.6956452802394,1936.1555834540616,122.89997668607393,No Alarm,None,None,Running,Healthy,Healthy,Healthy,Healthy,Healthy,Healthy,Warning
2026-01-04 01:00:00,Night,10914,1.134350335990742,81.81252592398897,0.0,14.79137357512762,1523.2762995705252,1932.3281786029877,123.61545508921223,No Alarm,None,None,Running,Healthy,Healthy,Healthy,Healthy,Healthy,Healthy,Healthy
2026-01-04 01:10:00,Night,10880,1.0917074399125615,80.6721616538437,0.0,12.959006106741455,1528.3064942130115,1929.9633675541784,121.43054569330815,No Alarm,None,None,Running,Healthy,Healthy,Healthy,Healthy,Healthy,Healthy,Healthy
2026-01-04 01:20:00,Night,10506,1.1130833070015216,81.04146990312618,0.0,13.314672820483016,1526.3810327733117,1925.7390952382625,122.34199673150087,No Alarm,None,None,Running,Healthy,Healthy,Healthy,Healthy,Healthy,Healthy,Healthy
2026-01-04 01:30:00,Night,10946,1.0835638947472774,81.6271100869186,0.0,13.620640191310356,1522.1153814807285,1936.3754315059837,123.00921440383947,No Alarm,None,None,Running,Healthy,Healthy,Healthy,Healthy,Healthy,Healthy,Healthy
2026-01-04 01:40:00,Night,10198,1.0822839512612843,81.19702039721925,0.0,14.73684205303471,1522.1470626621697,1925.6342739997453,120.90837103152998,No Alarm,None,None,Running,Healthy,Healthy,Healthy,Healthy,Healthy,Healthy,Healthy
2026-01-04 01:50:00,Night,10042,1.1051650109839788,80.97492375638961,0.0,12.473667022171439,1524.1544522076322,1928.357829126074,120.54260245582986,No Alarm,None,None,Running,Healthy,Healthy,Healthy,Healthy,Healthy,Healthy,Healthy
2026-01-04 02:00:00,Night,10404,1.0151719836074597,80.70655015180617,0.0,12.884482852792601,1520.903295250077,1932.0197074832745,118.88840506614393,No Alarm,None,None,Running,Healthy,Warning,Healthy,Healthy,Healthy,Warning,Healthy
2026-01-04 02:10:00,Night,10205,1.0309855135787522,80.53140105495763,0.0,11.9240885876332,1525.9122050671488,1923.1362145325795,118.86640532742977,No Alarm,None,None,Running,Fault,Healthy,Healthy,Healthy,Healthy,Healthy,Warning
2026-01-04 02:20:00,Night,10958,1.0205772315117867,80.6867527996597,0.0,12.313183698429452,1523.8786396588393,1935.363929823509,121.15799708662895,No Alarm,None,None,Running,Fault,Healthy,Healthy,Healthy,Healthy,Healthy,Healthy
2026-01-04 02:30:00,Night,10116,0.990459566019376,80.35309306151568,0.0,12.125644682597231,1523.574007242015,1936.6064386142668,118.54911185226246,No Alarm,None,None,Running,Healthy,Warning,Healthy,Healthy,Healthy,Healthy,Healthy
2026-01-04 02:40:00,Night,10535,1.0358216347040874,80.31643755006561,0.0,12.653414593395269,1524.588637726376,1924.5116539988876,116.68754182171838,No Alarm,None,None,Running,Healthy,Healthy,Healthy,Healthy,Healthy,Healthy,Healthy
2026-01-04 02:50:00,Night,10773,1.07464362881558,80.24202035079637,0.0,13.059388202433304,1527.097047822829,1923.504839457121,116.9623732749965,No Alarm,None,None,Running,Healthy,Healthy,Healthy,Healthy,Healthy,Healthy,Healthy
2026-01-04 03:00:00,Night,10111,1.0399070295075021,79.81500260575999,0.0,13.003882811107237,1523.1166101764857,1929.2745235777684,114.8995517880989,No Alarm,None,None,Running,Healthy,Healthy,Healthy,Healthy,Healthy,Warning,Healthy
2026-01-04 03:10:00,Night,10046,1.0509935279944238,80.17413483408377,0.0,12.762740203288894,1522.2866505004286,1917.1261928629647,115.10764745157893,No Alarm,None,None,Running,Healthy,Healthy,Healthy,Healthy,Healthy,Healthy,Healthy
2026-01-04 03:20:00,Night,10554,1.0746664306057148,81.00230152318115,0.0,12.409610213173528,1526.2021609309243,1914.3378852552796,117.50194390902972,No Alarm,None,None,Running,Healthy,Healthy,Healthy,Healthy,Healthy,Healthy,Healthy
2026-01-04 03:30:00,Night,10903,1.0790838485961367,79.00226362764614,14.0,14.034456836217654,1524.6917763225829,1927.8418267112581,115.28472468165509,Mold Level Low,Critical,Mechanical,Stopped,Healthy,Healthy,Healthy,Healthy,Healthy,Healthy,Healthy
2026-01-04 03:40:00,Night,10017,1.0347842085163934,79.72110941053653,0.0,13.461813123459134,1521.2948106285794,1922.932253918597,117.35615227856039,No Alarm,None,None,Running,Healthy,Healthy,Healthy,Healthy,Healthy,Healthy,Healthy
2026-01-04 03:50:00,Night,10021,1.0754201180031582,79.16870961661874,0.0,14.032973492055346,1521.916846843728,1918.1896079095857,114.65351745096909,No Alarm,None,None,Running,Healthy,Healthy,Healthy,Healthy,Healthy,Healthy,Healthy
2026-01-04 04:00:00,Night,10926,1.0358859612446765,79.58868702676347,0.0,11.870060368173599,1522.1816973981354,1918.2413885034675,114.45769627707641,No Alarm,None,None,Running,Healthy,Healthy,Healthy,Healthy,Healthy,Healthy,Healthy
2026-01-04 04:10:00,Night,10603,1.006670476250025,79.26574698435923,0.0,12.792623659934218,1522.370412229013,1892.4288821765995,115.05782504016877,No Alarm,None,None,Running,Healthy,Healthy,Healthy,Healthy,Healthy,Healthy,Healthy
2026-01-04 04:20:00,Night,10702,1.012995418245476,79.44648918456792,0.0,13.135627927133296,1517.830853667061,1916.4520365435687,110.9265931902966,No Alarm,None,None,Running,Healthy,Healthy,Healthy,Healthy,Healthy,Healthy,Healthy
2026-01-04 04:30:00,Night,10276,0.9858140612655218,79.51252982551881,0.0,11.600834317911314,1517.1070625591162,1906.1071147560442,114.28318586394101,No Alarm,None,None,Running,Healthy,Healthy,Healthy,Healthy,Healthy,Healthy,Healthy
2026-01-04 04:40:00,Night,10313,1.003358433804478,79.02652221979636,0.0,12.548401696283467,1518.4708147282417,1908.3929366928705,113.94161301677404,No Alarm,None,None,Running,Healthy,Healthy,Healthy,Healthy,Healthy,Healthy,Healthy
2026-01-04 04:50:00,Night,10471,1.0194045091105879,79.31689181076528,0.0,12.661169712165092,1517.989239118814,1900.73868510876,115.80672765350062,No Alarm,None,None,Running,Healthy,Healthy,Healthy,Healthy,Healthy,Healthy,Healthy
2026-01-04 05:00:00,Night,10215,1.0547649483449495,77.84875269316666,0.0,14.474067315309652,1518.4898207342706,1895.377973553584,115.26389583557453,No Alarm,None,None,Running,Healthy,Healthy,Healthy,Warning,Warning,Healthy,Healthy
2026-01-04 05:10:00,Night,10442,1.0831611273460096,79.35347612817709,0.0,14.88666131773392,1521.3717071210694,1890.1515589753149,112.88753821763189,No Alarm,None,None,Running,Healthy,Healthy,Healthy,Healthy,Healthy,Healthy,Healthy
2026-01-04 05:20:00,Night,10954,0.9913187509246588,78.80704594654605,0.0,11.226434911227095,1519.0361975373296,1892.692614900283,115.9376946603251,No Alarm,None,None,Running,Healthy,Healthy,Healthy,Healthy,Healthy,Healthy,Healthy
2026-01-04 05:30:00,Night,10749,1.046176868540244,79.03720515144356,0.0,14.822959760762643,1519.6119528738457,1884.7084182533956,114.3869934232703,No Alarm,None,None,Running,Healthy,Healthy,Warning,Healthy,Healthy,Healthy,Healthy
2026-01-04 05:40:00,Night,10870,1.005140297337808,78.0768387186197,0.0,11.923595711915274,1515.7123534996479,1891.6492091171526,113.92400767267316,No Alarm,None,None,Running,Warning,Healthy,Healthy,Warning,Healthy,Healthy,Healthy
2026-01-04 05:50:00,Night,10497,1.0529127601687056,78.20116324780948,0.0,13.847880808138017,1517.2617213658216,1869.5862932240016,115.60332104521581,No Alarm,None,None,Running,Healthy,Healthy,Warning,Healthy,Warning,Healthy,Healthy
2026-01-04 06:00:00,Morning,10788,1.0373979970385732,78.57070703749324,0.0,13.646823549586776,1519.5181480876017,1875.5958210648228,115.52721294871793,No Alarm,None,None,Running,Healthy,Healthy,Healthy,Healthy,Healthy,Healthy,Healthy
2026-01-04 06:10:00,Morning,10422,0.989397483965109,78.49470213598603,0.0,11.670485390774598,1519.1639387173755,1894.0266694778657,118.06269298815225,No Alarm,None,None,Running,Healthy,Healthy,Healthy,Healthy,Healthy,Healthy,Healthy
2026-01-04 06:20:00,Morning,10618,1.075493705249733,78.6143304080572,0.0,13.788958771309034,1515.484986640152,1870.4983115197047,117.10908261682737,No Alarm,None,None,Running,Warning,Healthy,Healthy,Healthy,Healthy,Healthy,Healthy
2026-01-04 06:30:00,Morning,10731,1.03313074076105,78.94489770315357,0.0,12.83886063852688,1517.3147009581855,1871.5451748469734,117.46389760916024,No Alarm,None,None,Running,Healthy,Healthy,Healthy,Healthy,Healthy,Healthy,Healthy
2026-01-04 06:40:00,Morning,10825,1.039204332284011,77.82532583778232,0.0,13.37808515679281,1522.0170130400693,1864.4596222354864,118.8424598728948,No Alarm,None,None,Running,Healthy,Healthy,Healthy,Healthy,Healthy,Healthy,Healthy
2026-01-04 06:50:00,Morning,10926,1.0273617958859547,78.95145653129993,0.0,13.00349306024087,1516.0814480553804,1872.3991898620106,119.64007030439396,No Alarm,None,None,Running,Warning,Healthy,Healthy,Healthy,Healthy,Healthy,Healthy
2026-01-04 07:00:00,Morning,10106,1.0443382886692658,78.60573743220111,0.0,13.891666248124995,1513.9952119642426,1862.1490217324779,119.85259129793859,No Alarm,None,None,Running,Fault,Healthy,Healthy,Healthy,Healthy,Healthy,Healthy
2026-01-04 07:10:00,Morning,10794,1.081581385255193,78.5711074583797,0.0,13.572546995892155,1514.894689738177,1865.0229654100492,121.2101304609753,No Alarm,None,None,Running,Warning,Healthy,Healthy,Healthy,Healthy,Healthy,Healthy
2026-01-04 07:20:00,Morning,10710,1.0680959504235192,78.1237210342702,0.0,13.233687531695573,1515.1596322944938,1871.9162960758988,120.83663044612902,No Alarm,None,None,Running,Healthy,Healthy,Healthy,Healthy,Healthy,Healthy,Healthy
2026-01-04 07:30:00,Morning,10737,1.0888969564846596,78.98187163008913,0.0,14.378456919198271,1514.1515393773532,1858.307708321074,120.90576933463463,No Alarm,None,None,Running,Healthy,Healthy,Healthy,Healthy,Healthy,Healthy,Healthy
2026-01-04 07:40:00,Morning,10015,1.0953775327791357,77.89195685120323,0.0,14.09849633514022,1514.0525204849162,1869.1395512435988,122.78293007163498,No Alarm,None,None,Running,Healthy,Healthy,Healthy,Healthy,Healthy,Healthy,Healthy
2026-01-04 07:50:00,Morning,10488,1.1298245547418797,79.20183416839312,0.0,14.635076310298118,1510.1259094310867,1868.5064793133042,121.76523580899037,No Alarm,None,None,Running,Warning,Healthy,Warning,Healthy,Healthy,Healthy,Healthy
2026-01-04 08:00:00,Morning,10961,1.0857904543817127,78.43785046577531,0.0,13.107170009190392,1510.934732447431,1869.635419409467,122.4738670789456,No Alarm,None,None,Running,Healthy,Healthy,Healthy,Healthy,Healthy,Healthy,Healthy
2026-01-04 08:10:00,Morning,10901,1.0578040335816383,79.15499184484557,0.0,12.490866472791549,1512.5788986187665,1861.7596238496837,125.03520420607207,No Alarm,None,None,Running,Healthy,Healthy,Healthy,Healthy,Healthy,Healthy,Healthy
2026-01-04 08:20:00,Morning,10231,1.1403099411083935,79.19087015006527,0.0,13.856468763578027,1512.1551132044556,1886.1797831969998,125.4212931218119,No Alarm,None,None,Running,Healthy,Healthy,Healthy,Warning,Healthy,Healthy,Healthy
2026-01-04 08:30:00,Morning,10487,1.1046608153473922,79.81656682241693,0.0,13.373685221865992,1510.7749343861906,1868.4769973744587,123.93612456977523,No Alarm,None,None,Running,Healthy,Healthy,Healthy,Healthy,Healthy,Healthy,Healthy
2026-01-04 08:40:00,Morning,10864,1.154464640058104,79.39202331636794,0.0,14.98114748878334,1511.3770205698374,1862.6082970168013,123.83319853159038,No Alarm,None,None,Running,Healthy,Healthy,Healthy,Healthy,Healthy,Healthy,Healthy
2026-01-04 08:50:00,Morning,10931,1.1390389865801498,79.3042874203011,0.0,14.921176167457709,1511.6091880925705,1853.148099660732,126.52105537331711,No Alarm,None,None,Running,Healthy,Healthy,Healthy,Healthy,Healthy,Healthy,Healthy
2026-01-04 09:00:00,Morning,10332,1.1301836640821668,79.50066072215682,0.0,14.018704598354404,1513.3261375416273,1859.7022620292923,126.06592317670297,No Alarm,None,None,Running,Healthy,Healthy,Healthy,Healthy,Healthy,Healthy,Healthy
2026-01-04 09:10:00,Morning,10803,1.151210190173437,80.33587307590847,0.0,15.39177069034501,1510.5102689690561,1872.3881759349479,125.77328094590433,No Alarm,None,None,Running,Healthy,Healthy,Healthy,Healthy,Healthy,Healthy,Healthy
2026-01-04 09:20:00,Morning,10835,1.2059349650843825,80.16585956128057,0.0,16.032115639190373,1511.422352772369,1875.3260309694008,125.2435975877734,No Alarm,None,None,Running,Healthy,Healthy,Healthy,Healthy,Healthy,Warning,Healthy
2026-01-04 09:30:00,Morning,10151,1.21637968755064,79.92204730198969,0.0,15.375125335863379,1508.748326587818,1874.3189631915104,126.20689058493065,No Alarm,None,None,Running,Healthy,Healthy,Healthy,Healthy,Healthy,Healthy,Healthy
2026-01-04 09:40:00,Morning,10032,1.1628048297953146,80.10614969795019,0.0,13.959736132361304,1511.2225408636664,1869.783084207381,125.90377423316457,No Alarm,None,None,Running,Healthy,Healthy,Healthy,Healthy,Healthy,Healthy,Healthy
2026-01-04 09:50:00,Morning,10047,1.1721491492144127,79.6968932612428,15.0,15.754628019785038,1510.4346180459645,1854.6276347500816,125.19433941898302,Hydraulic Pressure Drop,Low,Process,Stopped,Healthy,Healthy,Healthy,Healthy,Healthy,Healthy,Healthy
2026-01-04 10:00:00,Morning,10146,1.2061971564695144,80.5999425484047,0.0,15.034752310149045,1511.3765844595957,1869.8985327074322,126.1482513387748,No Alarm,None,None,Running,Healthy,Healthy,Healthy,Healthy,Healthy,Healthy,Healthy
2026-01-04 10:10:00,Morning,10741,1.1550328639243006,79.85832996902286,0.0,14.526226436555438,1510.7269096382804,1857.5493905561902,126.25388063215163,No Alarm,None,None,Running,Healthy,Healthy,Healthy,Healthy,Healthy,Healthy,Healthy
2026-01-04 10:20:00,Morning,10390,1.196793737901714,80.97677592422474,0.0,14.722198205846826,1510.1614527693996,1857.2046885515108,125.36756465716725,No Alarm,None,None,Running,Healthy,Healthy,Warning,Healthy,Healthy,Healthy,Healthy
2026-01-04 10:30:00,Morning,10686,1.1923111170440444,80.83661493434631,0.0,14.281035734642517,1508.2056980999137,1872.778838763354,126.72716460401345,No Alarm,None,None,Running,Healthy,Healthy,Healthy,Healthy,Healthy,Healthy,Healthy
2026-01-04 10:40:00,Morning,10090,1.2086566742106497,81.84360658758393,0.0,14.080160826412417,1508.84258483421,1876.9417144609927,126.95732895666603,No Alarm,None,None,Running,Warning,Healthy,Healthy,Healthy,Healthy,Healthy,Warning
2026-01-04 10:50:00,Morning,10603,1.180238854613729,80.54626238597488,0.0,15.195993509161713,1510.6844251152268,1881.9947243436045,126.28870140002151,No Alarm,None,None,Running,Healthy,Healthy,Warning,Healthy,Healthy,Healthy,Healthy
2026-01-04 11:00:00,Morning,10746,1.1633829351884284,81.0358970527412,0.0,13.993905952127722,1506.2083146339355,1880.8684881452593,124.45621463807899,No Alarm,None,None,Running,Healthy,Healthy,Warning,Healthy,Healthy,Healthy,Healthy
2026-01-04 11:10:00,Morning,10977,1.1545220590469343,81.87944767627808,0.0,16.573197598384453,1506.0982298917647,1883.3704436381,125.30974979536828,No Alarm,None,None,Running,Healthy,Healthy,Healthy,Healthy,Healthy,Warning,Healthy
2026-01-04 11:20:00,Morning,10320,1.1886257939451947,81.71180734364991,0.0,14.097570916486198,1507.9718991733196,1873.5596682076687,124.06737799486952,No Alarm,None,None,Running,Healthy,Warning,Healthy,Healthy,Healthy,Healthy,Healthy
2026-01-04 11:30:00,Morning,10546,1.2136001943565324,81.02331238624551,0.0,14.289834696969697,1508.424291545965,1882.9986807096002,122.02228433220058,No Alarm,None,None,Running,Healthy,Healthy,Healthy,Healthy,Warning,Healthy,Healthy
2026-01-04 11:40:00,Morning,10484,1.2235391354500307,81.44889486961,0.0,15.651336294054792,1505.2126285179515,1874.2549675168345,123.80878735426882,No Alarm,None,None,Running,Healthy,Healthy,Healthy,Healthy,Healthy,Healthy,Healthy
2026-01-04 11:50:00,Morning,10348,1.295172193411109,81.40818415551665,0.0,17.260171852915967,1506.9921045422745,1872.8191698450223,122.64321254607574,No Alarm,None,None,Running,Healthy,Healthy,Healthy,Warning,Healthy,Healthy,Healthy
2026-01-04 12:00:00,Morning,10640,1.274686815154771,81.5584754263838,0.0,15.978797949294893,1506.869678599463,1897.3550400669092,125.0217966690981,No Alarm,None,None,Running,Healthy,Healthy,Healthy,Healthy,Healthy,Healthy,Healthy
2026-01-04 12:10:00,Morning,10565,1.2168136796646443,81.19449584480545,0.0,15.610740689939144,1501.51187402961,1888.0267539812012,123.08086910909276,No Alarm,None,None,Running,Healthy,Healthy,Healthy,Healthy,Healthy,Healthy,Healthy
2026-01-04 12:20:00,Morning,10833,1.2599818441975048,81.45628483104596,0.0,14.459289860247715,1506.466358803018,1903.6800147726553,121.59481892479276,No Alarm,None,None,Running,Healthy,Healthy,Healthy,Healthy,Healthy,Warning,Healthy
2026-01-04 12:30:00,Morning,10029,1.2409052451115548,80.86048180828604,0.0,15.037057481910198,1506.6072761338207,1908.2297461190362,120.44232979056225,No Alarm,None,None,Running,Healthy,Healthy,Healthy,Healthy,Healthy,Warning,Healthy
2026-01-04 12:40:00,Morning,10222,1.2478354963151352,81.55103332849961,15.0,14.846412693542893,1506.6050597058495,1897.0741958554966,119.74024628971951,Water Flow Alarm,High,Process,Stopped,Healthy,Healthy,Healthy,Healthy,Healthy,Healthy,Warning
2026-01-04 12:50:00,Morning,10580,1.2648467932280893,81.6638836992677,0.0,14.4840528203876,1510.570780452855,1909.4079789068303,117.74436509751739,No Alarm,None,None,Running,Healthy,Healthy,Healthy,Healthy,Healthy,Healthy,Healthy
2026-01-04 13:00:00,Morning,10574,1.2804455506619732,81.36950041848492,0.0,16.087455547091384,1504.0366200865506,1902.0321753303144,116.27752382650166,No Alarm,None,None,Running,Healthy,Healthy,Healthy,Healthy,Warning,Healthy,Healthy
2026-01-04 13:10:00,Morning,10903,1.2539308657751962,80.78090430872416,0.0,14.10415648706265,1505.079486054961,1895.1578095358423,116.74909697429698,No Alarm,None,None,Running,Healthy,Healthy,Healthy,Healthy,Healthy,Warning,Healthy
2026-01-04 13:20:00,Morning,10675,1.2979102728868699,81.77889042561502,0.0,15.29834123482466,1500.6951229382507,1913.470633074428,117.19278685124489,No Alarm,None,None,Running,Healthy,Warning,Healthy,Healthy,Healthy,Healthy,Healthy
2026-01-04 13:30:00,Morning,10005,1.2332647703881978,81.47623878589536,0.0,15.03977397404308,1506.1273226397825,1911.2210195082525,114.20475612568734,No Alarm,None,None,Running,Healthy,Healthy,Healthy,Healthy,Healthy,Healthy,Healthy
2026-01-04 13:40:00,Morning,10490,1.2688786475418505,80.97774007861359,0.0,15.27908300910738,1506.4636792606484,1913.904562456135,115.59223183347586,No Alarm,None,None,Running,Healthy,Healthy,Healthy,Healthy,Healthy,Healthy,Healthy
2026-01-04 13:50:00,Morning,10846,1.3474180177206412,81.084821810908,0.0,17.12021117305296,1506.319883144997,1935.5878664931543,115.49981161152087,No Alarm,None,None,Running,Healthy,Healthy,Healthy,Healthy,Healthy,Healthy,Healthy
2026-01-04 14:00:00,Evening,10874,1.2766108337723698,80.51740197960629,0.0,16.171541556486357,1510.5245664526565,1909.8502113878062,115.13196016787545,No Alarm,None,None,Running,Healthy,Healthy,Healthy,Healthy,Healthy,Healthy,Healthy
2026-01-04 14:10:00,Evening,10802,1.312975488801389,80.62035633588641,0.0,17.03785273217218,1510.0855717222153,1927.2939869244694,114.23598537476835,No Alarm,None,None,Running,Healthy,Warning,Healthy,Healthy,Healthy,Healthy,Healthy
2026-01-04 14:20:00,Evening,10478,1.2724150605704376,80.72109424362867,0.0,16.431856870029346,1508.324985789789,1918.3388570040815,114.30947683653034,No Alarm,None,None,Running,Healthy,Healthy,Warning,Healthy,Healthy,Healthy,Healthy
2026-01-04 14:30:00,Evening,10107,1.2864139145244236,81.32678774451938,0.0,16.87874288410826,1507.4172979704233,1935.5128695613519,116.5299688033705,No Alarm,None,None,Running,Healthy,Healthy,Healthy,Healthy,Warning,Healthy,Healthy
2026-01-04 14:40:00,Evening,10214,1.2662410917774864,80.47302053352705,0.0,15.826670767212244,1511.1394283567156,1932.4581968156222,115.0532142406658,No Alarm,None,None,Running,Warning,Healthy,Healthy,Healthy,Warning,Healthy,Healthy
2026-01-04 14:50:00,Evening,10847,1.2614224132326963,80.8732514890579,0.0,15.980206995980373,1508.7707448869483,1934.7958720863976,113.44098843610364,No Alarm,None,None,Running,Healthy,Healthy,Healthy,Healthy,Healthy,Healthy,Healthy
2026-01-04 15:00:00,Evening,10341,1.2413806395067777,80.285900284128,0.0,15.875317585178156,1507.0360962220807,1925.7512624714932,113.94485895509455,No Alarm,None,None,Running,Healthy,Healthy,Healthy,Warning,Healthy,Warning,Healthy
2026-01-04 15:10:00,Evening,10764,1.2755505007062415,80.48098780198586,0.0,16.043540947001738,1505.0675738980522,1928.5869469184197,113.96610870864062,No Alarm,None,None,Running,Healthy,Healthy,Healthy,Healthy,Healthy,Healthy,Healthy
2026-01-04 15:20:00,Evening,10037,1.2346241233731725,80.203182673364,0.0,15.154765525222704,1508.5454352022366,1943.376708224964,113.11169577148473,No Alarm,None,None,Running,Healthy,Healthy,Healthy,Healthy,Healthy,Healthy,Healthy
2026-01-04 15:30:00,Evening,10492,1.2773266310950673,80.48509289836278,0.0,15.733873114650502,1511.8392317346352,1951.2123826010418,113.20306148190059,No Alarm,None,None,Running,Healthy,Healthy,Healthy,Warning,Healthy,Healthy,Healthy
2026-01-04 15:40:00,Evening,10951,1.2867752491456033,79.79713210958754,0.0,15.512399735489065,1515.9604864849368,1941.811172105511,115.49011290783523,No Alarm,None,None,Running,Healthy,Healthy,Healthy,Healthy,Healthy,Healthy,Healthy
2026-01-04 15:50:00,Evening,10246,1.261748572664674,79.25715499359106,0.0,16.066988939245306,1510.7515073827408,1931.5433652124166,113.9823866580989,No Alarm,None,None,Running,Healthy,Healthy,Healthy,Healthy,Healthy,Healthy,Healthy
2026-01-04 16:00:00,Evening,10031,1.2383902749398874,79.20928638424749,0.0,15.414067814888984,1509.0234384890741,1942.016223274262,113.43622886162628,No Alarm,None,None,Running,Healthy,Healthy,Healthy,Healthy,Healthy,Healthy,Healthy
2026-01-04 16:10:00,Evening,10289,1.2565225737980328,79.42686606590136,0.0,15.242310547029675,1508.3239158315207,1959.1318526321368,115.01429034631572,No Alarm,None,None,Running,Healthy,Healthy,Healthy,Healthy,Healthy,Healthy,Healthy
2026-01-04 16:20:00,Evening,10064,1.2292826184409007,79.02004535321119,0.0,14.902461356984045,1513.0249999121781,1940.7623871892579,115.5731630060237,No Alarm,None,None,Running,Healthy,Healthy,Healthy,Healthy,Healthy,Healthy,Healthy
2026-01-04 16:30:00,Evening,10613,1.2619752175625663,79.56714012543681,0.0,14.927411110084126,1507.6007418307663,1951.6912012794394,113.47544520556522,No Alarm,None,None,Running,Warning,Healthy,Healthy,Healthy,Healthy,Warning,Healthy
2026-01-04 16:40:00,Evening,10192,1.1740737037766358,79.10427708164526,0.0,15.361110236073987,1513.7627817446744,1933.9496128979665,116.24647208209859,No Alarm,None,None,Running,Healthy,Warning,Healthy,Healthy,Warning,Healthy,Healthy
2026-01-04 16:50:00,Evening,10247,1.21381093429062,80.13287964328624,0.0,15.227669047305001,1514.8123663779106,1939.2341884652458,117.82663653081683,No Alarm,None,None,Running,Healthy,Healthy,Healthy,Healthy,Healthy,Healthy,Healthy
2026-01-04 17:00:00,Evening,10588,1.1587901010688064,78.38607393248195,0.0,13.88091624965879,1514.245532985663,1944.0502221446948,117.84835138201596,No Alarm,None,None,Running,Healthy,Healthy,Warning,Healthy,Healthy,Healthy,Healthy
2026-01-04 17:10:00,Evening,10326,1.1680865316018871,79.06711293245053,0.0,15.167065069745002,1512.997039116237,1941.6214651414036,120.5313545710013,No Alarm,None,None,Running,Warning,Healthy,Warning,Healthy,Warning,Healthy,Warning
2026-01-04 17:20:00,Evening,10651,1.248083914759898,78.44601829666351,0.0,15.208734767642666,1515.353537633085,1931.4900736242612,119.92708225655103,No Alarm,None,None,Running,Healthy,Healthy,Healthy,Healthy,Healthy,Healthy,Healthy
2026-01-04 17:30:00,Evening,10931,1.2280768894664031,78.61903272089322,0.0,14.366410679421476,1514.7661711137555,1930.156244458588,120.75035152933823,No Alarm,None,None,Running,Healthy,Healthy,Healthy,Healthy,Healthy,Warning,Healthy
2026-01-04 17:40:00,Evening,10932,1.1735321752518704,78.80036953308444,9.0,15.384007793101773,1512.7928073607015,1943.3871100861547,122.96748910393295,Roller Jam,Low,Mechanical,Stopped,Healthy,Healthy,Healthy,Healthy,Healthy,Healthy,Healthy
2026-01-04 17:50:00,Evening,10730,1.1437975079130127,77.7497802322916,0.0,13.92150095621638,1519.76409412191,1943.7040579048664,121.11685164566234,No Alarm,None,None,Running,Healthy,Healthy,Healthy,Healthy,Healthy,Healthy,Warning
2026-01-04 18:00:00,Evening,10969,1.0935728294616949,78.71994812484176,15.0,13.383431005125034,1514.6584661311776,1944.807798646033,121.00035761539318,Hydraulic Pressure Drop,High,Mechanical,Stopped,Healthy,Warning,Healthy,Healthy,Healthy,Healthy,Healthy
2026-01-04 18:10:00,Evening,10737,1.1597396026883136,79.34121113471585,0.0,14.525571047848343,1517.8753027141197,1945.535765993717,122.5627309220505,No Alarm,None,None,Running,Healthy,Healthy,Healthy,Healthy,Warning,Healthy,Healthy
2026-01-04 18:20:00,Evening,10068,1.2421123281356088,78.36335837372862,0.0,16.32621655764819,1510.285304321558,1930.4367593261782,121.29879724303443,No Alarm,None,None,Running,Fault,Healthy,Healthy,Healthy,Healthy,Healthy,Healthy
2026-01-04 18:30:00,Evening,10956,1.1759416464241021,78.62344254805315,0.0,14.713296683907696,1519.91560639409,1924.995251894337,122.65506054025059,No Alarm,None,None,Running,Healthy,Healthy,Warning,Healthy,Warning,Healthy,Healthy
2026-01-04 18:40:00,Evening,10567,1.1394634006984439,78.91454896173435,0.0,13.403910520428887,1520.7846175327122,1936.2957057364158,122.2792824509686,No Alarm,None,None,Running,Healthy,Healthy,Healthy,Healthy,Warning,Warning,Healthy
2026-01-04 18:50:00,Evening,10006,1.1635391396455725,78.4344386143967,0.0,14.924953148448182,1517.5702909526797,1929.082027793636,124.03431566412533,No Alarm,None,None,Running,Healthy,Healthy,Healthy,Healthy,Healthy,Healthy,Warning
2026-01-04 19:00:00,Evening,10621,1.096095422037654,78.27348616990801,0.0,13.361699968487468,1519.2693944190219,1913.3036653754602,123.23908414943647,No Alarm,None,None,Running,Healthy,Healthy,Healthy,Healthy,Healthy,Healthy,Healthy
2026-01-04 19:10:00,Evening,10245,1.1273637443704114,77.61179581263657,0.0,15.41359358470077,1519.6383354623817,1910.5860317139877,123.62152146497625,No Alarm,None,None,Running,Healthy,Healthy,Healthy,Healthy,Healthy,Healthy,Healthy
2026-01-04 19:20:00,Evening,10535,1.1326693662236635,78.8049641139661,0.0,14.157583272397272,1516.9965658301014,1920.39859875479,125.32204290592209,No Alarm,None,None,Running,Healthy,Healthy,Healthy,Healthy,Healthy,Healthy,Healthy
2026-01-04 19:30:00,Evening,10658,1.120566303622953,78.53985147286483,0.0,12.442553946757846,1520.3238008284357,1912.5798574663945,124.9924419673238,No Alarm,None,None,Running,Healthy,Healthy,Healthy,Healthy,Healthy,Healthy,Healthy
2026-01-04 19:40:00,Evening,10028,1.140420639119268,78.22641618560904,0.0,14.505413469499821,1517.2770012733704,1911.2593221966165,123.12495708497588,No Alarm,None,None,Running,Healthy,Healthy,Healthy,Healthy,Healthy,Healthy,Healthy
2026-01-04 19:50:00,Evening,10439,1.1206857068296106,78.73799734478867,0.0,15.369789789952291,1518.1085233171887,1917.4727735439053,123.91726637077622,No Alarm,None,None,Running,Healthy,Healthy,Healthy,Healthy,Healthy,Healthy,Healthy
2026-01-04 20:00:00,Evening,10056,1.1241683814931351,78.51886574333463,0.0,15.155248970645962,1522.7680380349912,1912.3470409618167,124.45657495207348,No Alarm,None,None,Running,Healthy,Healthy,Healthy,Healthy,Healthy,Healthy,Healthy
2026-01-04 20:10:00,Evening,10113,1.07738125622828,78.61460596631244,0.0,14.748933704983097,1522.6952148321911,1914.2680895420317,124.88480416713753,No Alarm,None,None,Running,Healthy,Healthy,Healthy,Healthy,Healthy,Healthy,Healthy
2026-01-04 20:20:00,Evening,10212,1.119041063194474,79.15027963839462,0.0,13.274181160163902,1518.7873785907286,1885.5150510802614,126.49335997786223,No Alarm,None,None,Running,Healthy,Healthy,Warning,Healthy,Healthy,Healthy,Healthy
2026-01-04 20:30:00,Evening,10782,1.1352275229953392,78.46177755812,0.0,14.828850714625485,1519.0002428265893,1900.3284619490917,126.25054955760965,No Alarm,None,None,Running,Healthy,Healthy,Healthy,Healthy,Healthy,Healthy,Healthy
2026-01-04 20:40:00,Evening,10414,1.051704113646767,79.51238432577327,0.0,12.640905242768891,1519.4864760976927,1901.2002725475772,127.19810079828194,No Alarm,None,None,Running,Healthy,Healthy,Healthy,Healthy,Healthy,Healthy,Healthy
2026-01-04 20:50:00,Evening,10048,1.0488404130199094,78.63700322153359,0.0,13.267507742340714,1523.183102446548,1880.7909215923296,126.69592201030858,No Alarm,None,None,Running,Healthy,Healthy,Healthy,Healthy,Healthy,Healthy,Healthy
2026-01-04 21:00:00,Evening,10748,1.1104374639840506,79.03919616268215,0.0,12.98940159968282,1519.0867020538785,1885.1563709513694,126.89376029774968,No Alarm,None,None,Running,Fault,Healthy,Warning,Healthy,Healthy,Healthy,Healthy
2026-01-04 21:10:00,Evening,10544,1.0597619926130026,80.18648285921034,0.0,12.795905872244631,1522.6971428492686,1881.1062531180633,126.09644105352957,No Alarm,None,None,Running,Healthy,Healthy,Healthy,Healthy,Healthy,Healthy,Healthy
2026-01-04 21:20:00,Evening,10142,1.1030160605578472,79.98531809796926,0.0,13.31432806881856,1523.8741656650727,1885.4923863817678,125.32325071670834,No Alarm,None,None,Running,Healthy,Healthy,Healthy,Healthy,Healthy,Healthy,Healthy
2026-01-04 21:30:00,Evening,10563,1.043299378920031,79.69372122989205,0.0,13.670230932600221,1521.970608427167,1895.8955249697065,126.0454534526499,No Alarm,None,None,Running,Healthy,Healthy,Healthy,Healthy,Healthy,Healthy,Healthy
2026-01-04 21:40:00,Evening,10249,1.0961891222657631,79.40116765693597,0.0,14.262867413490797,1524.8825803994584,1896.6833938388834,125.4368995866152,No Alarm,None,None,Running,Healthy,Healthy,Healthy,Warning,Healthy,Healthy,Healthy
2026-01-04 21:50:00,Evening,10636,1.0527453662201542,79.68991601025124,0.0,13.353090888283502,1521.7444551167457,1871.7049862305573,124.34899161118197,No Alarm,None,None,Running,Healthy,Healthy,Healthy,Healthy,Healthy,Healthy,Healthy
2026-01-04 22:00:00,Night,10948,1.0531229560625353,80.0558630134924,0.0,12.218741958142921,1522.0996417534568,1880.245120035378,124.94809204685644,No Alarm,None,None,Running,Healthy,Healthy,Healthy,Healthy,Healthy,Healthy,Healthy
2026-01-04 22:10:00,Night,10316,1.0892157619127902,80.16630584695311,0.0,13.397049420145075,1520.3011336675502,1878.4229022803725,120.0987889983846,No Alarm,None,None,Running,Healthy,Healthy,Healthy,Healthy,Healthy,Healthy,Healthy
2026-01-04 22:20:00,Night,10746,1.0286516383032198,80.23864178589818,0.0,12.335863940730338,1525.377804513882,1875.0891067771604,122.02699509212246,No Alarm,None,None,Running,Healthy,Healthy,Healthy,Healthy,Healthy,Healthy,Healthy
2026-01-04 22:30:00,Night,10024,1.0088425681210968,80.38444220684093,0.0,13.219305131199855,1520.9895888542906,1873.339970052117,121.44668263466029,No Alarm,None,None,Running,Healthy,Healthy,Healthy,Healthy,Healthy,Healthy,Healthy
2026-01-04 22:40:00,Night,10408,1.021539223648227,80.43005643408019,0.0,13.593969692574868,1523.8315877353104,1870.8707311959372,122.61680973539349,No Alarm,None,None,Running,Fault,Healthy,Healthy,Healthy,Healthy,Warning,Warning
2026-01-04 22:50:00,Night,10889,1.0468409461688954,80.05446633219431,0.0,13.824981737332811,1522.8102474910231,1880.3742215536095,122.52689774139866,No Alarm,None,None,Running,Healthy,Healthy,Healthy,Healthy,Healthy,Healthy,Healthy
2026-01-04 23:00:00,Night,10075,0.9849331155056025,80.53572367946461,0.0,11.783010350228118,1520.367992285077,1874.2734357672261,118.30223506774728,No Alarm,None,None,Running,Warning,Healthy,Healthy,Healthy,Healthy,Healthy,Healthy
2026-01-04 23:10:00,Night,10930,1.050029369035714,81.21409567497031,0.0,11.20769392734379,1521.4686086587521,1855.7059977735905,121.13665333843528,No Alarm,None,None,Running,Healthy,Healthy,Healthy,Healthy,Healthy,Healthy,Healthy
2026-01-04 23:20:00,Night,10094,1.0141089385949935,80.40094322193052,0.0,11.439488403746381,1526.4199894368942,1869.4456318324992,117.44388375837228,No Alarm,None,None,Running,Healthy,Healthy,Healthy,Healthy,Healthy,Healthy,Healthy
2026-01-04 23:30:00,Night,10482,1.0644427297018464,80.96590417740656,0.0,14.300673005930626,1523.418492141713,1869.2755131446934,116.89801917594056,No Alarm,None,None,Running,Healthy,Healthy,Healthy,Warning,Healthy,Healthy,Warning
2026-01-04 23:40:00,Night,10182,0.9582870618448345,80.8000442260947,0.0,11.697709815536555,1520.323230128544,1863.881147197496,117.4215049092483,No Alarm,None,None,Running,Healthy,Warning,Healthy,Healthy,Healthy,Healthy,Healthy
2026-01-04 23:50:00,Night,10021,1.0069943395221141,81.25087695992724,0.0,12.06192201124085,1523.5215732183854,1869.8093500943403,116.7789246511675,No Alarm,None,None,Running,Healthy,Warning,Healthy,Healthy,Healthy,Warning,Healthy
2026-01-05 00:00:00,Night,10350,0.9808421605718335,81.12090201437445,0.0,13.410389212553284,1522.2857223482497,1861.8334381366676,114.77716497123006,No Alarm,None,None,Running,Healthy,Healthy,Warning,Healthy,Healthy,Healthy,Healthy
2026-01-05 00:10:00,Night,10581,1.0078600569800276,81.92847280124208,0.0,13.483862674092173,1531.1597548260681,1861.6797293108168,116.94711197703522,No Alarm,None,None,Running,Healthy,Healthy,Healthy,Healthy,Healthy,Healthy,Healthy
2026-01-05 00:20:00,Night,10723,1.0416497615167182,81.59202571837015,0.0,13.037736124302828,1523.0922721387403,1860.9704279261189,116.5408295075128,No Alarm,None,None,Running,Healthy,Healthy,Healthy,Healthy,Healthy,Healthy,Healthy
2026-01-05 00:30:00,Night,10316,1.0307730836760356,80.90690533546227,0.0,12.679281382205664,1521.264279319457,1843.9567766154569,116.59139362768198,No Alarm,None,None,Running,Healthy,Healthy,Healthy,Healthy,Healthy,Healthy,Healthy
2026-01-05 00:40:00,Night,10493,1.0308299522102993,81.73241585215115,0.0,12.792903553659555,1525.5842542876737,1859.7390234220707,114.4540900613844,No Alarm,None,None,Running,Healthy,Healthy,Healthy,Warning,Healthy,Healthy,Healthy
2026-01-05 00:50:00,Night,10183,1.036281389322274,81.17620168917104,0.0,13.112531325399651,1517.2323553331562,1855.4917011084558,114.62464571200708,No Alarm,None,None,Running,Healthy,Healthy,Healthy,Healthy,Healthy,Healthy,Healthy
2026-01-05 01:00:00,Night,10730,1.0501203964199366,81.26708776006664,0.0,14.246538052172932,1521.8544235957158,1851.9756071955092,114.38677505125233,No Alarm,None,None,Running,Healthy,Healthy,Healthy,Healthy,Healthy,Healthy,Healthy
2026-01-05 01:10:00,Night,10169,1.0170515001839506,81.62484182362387,0.0,13.008870949265441,1526.371828783741,1873.7400161256223,116.25574552445298,No Alarm,None,None,Running,Healthy,Healthy,Healthy,Healthy,Healthy,Healthy,Healthy
2026-01-05 01:20:00,Night,10862,1.0721187733070832,81.29363727439043,0.0,13.909704989465938,1520.8464326101848,1867.2698450775692,110.69357102508881,No Alarm,None,None,Running,Healthy,Healthy,Warning,Healthy,Healthy,Healthy,Healthy
2026-01-05 01:30:00,Night,10180,1.0747047103766902,81.82815702621592,0.0,14.252297956057749,1516.5395123525088,1864.1291855893692,112.86984947265093,No Alarm,None,None,Running,Healthy,Healthy,Healthy,Healthy,Healthy,Healthy,Healthy
2026-01-05 01:40:00,Night,10665,1.0705809918638272,81.13167966293658,0.0,12.563489197580747,1519.6041253422143,1861.139363271825,114.00811797119844,No Alarm,None,None,Running,Healthy,Healthy,Healthy,Healthy,Healthy,Healthy,Healthy
2026-01-05 01:50:00,Night,10331,1.0802116793344698,81.15436954263373,7.0,14.031049316412702,1523.937388757374,1869.4696781234668,112.74200628566255,Water Flow Alarm,High,Electrical,Stopped,Healthy,Healthy,Healthy,Healthy,Warning,Warning,Healthy
2026-01-05 02:00:00,Night,10997,1.0771608966727642,81.09013416405396,0.0,13.258313080146424,1520.935191074133,1876.620508204514,113.83743122983407,No Alarm,None,None,Running,Healthy,Healthy,Healthy,Healthy,Healthy,Healthy,Healthy
2026-01-05 02:10:00,Night,10281,1.1343254296109613,81.06777318618227,0.0,12.41780123309608,1517.5793152965505,1863.8010991015817,114.15732719404626,No Alarm,None,None,Running,Healthy,Healthy,Healthy,Healthy,Healthy,Warning,Healthy
2026-01-05 02:20:00,Night,10949,1.0759020293929478,81.66607036068575,0.0,11.95905668802178,1517.6330983359105,1872.2374373483585,113.73746309551491,No Alarm,None,None,Running,Healthy,Healthy,Healthy,Healthy,Healthy,Healthy,Healthy
2026-01-05 02:30:00,Night,10837,1.0747645583936516,81.40176561312994,0.0,12.721874651857565,1517.6058412095847,1881.2030066565294,114.87680526575865,No Alarm,None,None,Running,Healthy,Healthy,Healthy,Healthy,Healthy,Healthy,Healthy
2026-01-05 02:40:00,Night,10468,1.067037150068162,81.75009482897163,0.0,13.709820635866832,1519.5569624872887,1860.8672403848548,115.87794006703473,No Alarm,None,None,Running,Healthy,Healthy,Healthy,Healthy,Healthy,Healthy,Healthy
2026-01-05 02:50:00,Night,10496,1.0645272590948673,81.88164577210637,0.0,13.38625043442405,1521.6392009827011,1878.0965149348244,115.21407735119017,No Alarm,None,None,Running,Healthy,Healthy,Healthy,Healthy,Healthy,Healthy,Healthy
2026-01-05 03:00:00,Night,10354,1.0641813289331998,80.46400806384699,0.0,13.431323306687961,1520.5562784942588,1877.4198322920831,115.37218607759475,No Alarm,None,None,Running,Healthy,Healthy,Healthy,Healthy,Healthy,Healthy,Healthy
2026-01-05 03:10:00,Night,10428,1.0810215116010624,80.80008745335395,0.0,14.878429332893965,1518.6894502004602,1882.1656757134558,116.17633031209259,No Alarm,None,None,Running,Fault,Healthy,Healthy,Healthy,Healthy,Healthy,Healthy
2026-01-05 03:20:00,Night,10466,1.1118655349195832,80.19170714883984,0.0,13.009956456092922,1513.838134406319,1881.679915121651,116.86177037150382,No Alarm,None,None,Running,Healthy,Healthy,Healthy,Healthy,Healthy,Healthy,Healthy
2026-01-05 03:30:00,Night,10146,1.1304264414955714,80.23681651529178,0.0,14.111127170766036,1513.4598245956688,1889.3141327816481,115.30902327574458,No Alarm,None,None,Running,Fault,Healthy,Healthy,Healthy,Healthy,Healthy,Healthy
2026-01-05 03:40:00,Night,10323,1.1284348326420122,80.17769511879514,0.0,14.318540273994822,1517.7207472950015,1906.174712733853,118.50398847377643,No Alarm,None,None,Running,Healthy,Healthy,Healthy,Healthy,Healthy,Healthy,Healthy
2026-01-05 03:50:00,Night,10876,1.1105087720064828,79.88575291325398,0.0,13.3659684685042,1512.6284325380018,1890.8078115109884,117.98212100063265,No Alarm,None,None,Running,Healthy,Healthy,Healthy,Healthy,Healthy,Healthy,Healthy
2026-01-05 04:00:00,Night,10979,1.167105617187131,79.76460477495847,0.0,14.608648936397197,1515.0302060120034,1898.3757017707414,120.62511774318345,No Alarm,None,None,Running,Healthy,Healthy,Healthy,Healthy,Healthy,Healthy,Healthy
2026-01-05 04:10:00,Night,10055,1.1689382578224714,80.00310427863626,0.0,13.49176368892185,1515.9550279624832,1914.6603919768252,120.41737284152045,No Alarm,None,None,Running,Healthy,Healthy,Healthy,Healthy,Healthy,Healthy,Healthy
2026-01-05 04:20:00,Night,10733,1.1486322359659606,79.44916690554292,0.0,15.34483730166703,1511.950708612709,1896.9684678179435,121.7119378548278,No Alarm,None,None,Running,Healthy,Healthy,Healthy,Warning,Healthy,Healthy,Healthy
2026-01-05 04:30:00,Night,10240,1.1404894503430683,80.14818649811623,0.0,13.77898794251705,1511.8345926783918,1918.546086671132,119.69132709925312,No Alarm,None,None,Running,Healthy,Warning,Healthy,Healthy,Healthy,Healthy,Healthy
2026-01-05 04:40:00,Night,10654,1.1831539281506083,79.32102515168349,0.0,16.211404217227557,1513.762012329809,1906.7134607364017,121.04650338296739,No Alarm,None,None,Running,Healthy,Healthy,Warning,Healthy,Healthy,Healthy,Warning
2026-01-05 04:50:00,Night,10622,1.1789129206738052,80.69090954155067,0.0,14.713679481680346,1514.8610133773118,1923.5386019324142,120.5739436251846,No Alarm,None,None,Running,Warning,Healthy,Healthy,Healthy,Healthy,Healthy,Warning
2026-01-05 05:00:00,Night,10879,1.1363307038161194,79.26848819591295,0.0,14.923771293480922,1515.86375180454,1917.8563521479462,121.77075908077177,No Alarm,None,None,Running,Healthy,Healthy,Healthy,Healthy,Healthy,Healthy,Healthy
2026-01-05 05:10:00,Night,10703,1.18414404943033,79.3636329395747,0.0,14.764488609585316,1514.3401298660024,1916.8302528356792,124.64546167790552,No Alarm,None,None,Running,Healthy,Healthy,Healthy,Healthy,Healthy,Healthy,Healthy
2026-01-05 05:20:00,Night,10824,1.2003418183672665,78.70708990766647,0.0,14.982752047008459,1512.624621792407,1916.303125207694,125.42246732972306,No Alarm,None,None,Running,Healthy,Healthy,Warning,Healthy,Healthy,Healthy,Healthy
2026-01-05 05:30:00,Night,10802,1.171656107617267,79.80344084277922,0.0,14.236880811960432,1510.19937491315,1914.2158596984966,122.71791766602908,No Alarm,None,None,Running,Healthy,Healthy,Healthy,Healthy,Healthy,Healthy,Healthy
2026-01-05 05:40:00,Night,10648,1.2103583539062854,79.47068277617494,0.0,15.212866174384963,1509.0193121164643,1922.109206046982,123.9630207444661,No Alarm,None,None,Running,Warning,Healthy,Healthy,Healthy,Healthy,Healthy,Healthy
2026-01-05 05:50:00,Night,10411,1.166865808737689,79.05030882873432,0.0,14.808421695310946,1510.0593615248827,1930.8809148122768,124.79370352262187,No Alarm,None,None,Running,Healthy,Healthy,Healthy,Healthy,Healthy,Healthy,Healthy
2026-01-05 06:00:00,Morning,10338,1.2562567847493677,78.30889698850267,0.0,15.15422885312647,1512.0105245542868,1925.6909778698214,125.91123879445426,No Alarm,None,None,Running,Healthy,Healthy,Healthy,Healthy,Healthy,Healthy,Healthy
2026-01-05 06:10:00,Morning,10347,1.2590662401736317,78.8559583093082,0.0,15.650796911068477,1511.4864098999394,1925.2421272029453,123.3680716728292,No Alarm,None,None,Running,Healthy,Healthy,Healthy,Healthy,Healthy,Healthy,Healthy
2026-01-05 06:20:00,Morning,10359,1.2192877430466418,78.25571767459633,0.0,14.814027581843042,1505.065146315893,1927.6246904774869,123.77282306628608,No Alarm,None,None,Running,Healthy,Healthy,Healthy,Healthy,Healthy,Healthy,Healthy
2026-01-05 06:30:00,Morning,10289,1.2427652443816,79.23082351268036,0.0,17.144330403500387,1508.0324696632185,1939.2949604205962,126.44363693454558,No Alarm,None,None,Running,Healthy,Healthy,Healthy,Healthy,Healthy,Healthy,Healthy
2026-01-05 06:40:00,Morning,10311,1.164309712117603,78.92054877501896,0.0,14.491059862531904,1512.7021978053117,1942.7413313083546,123.61838960580572,No Alarm,None,None,Running,Healthy,Healthy,Healthy,Healthy,Warning,Healthy,Healthy
2026-01-05 06:50:00,Morning,10569,1.2063954601725613,78.59577428730977,0.0,16.161605758344606,1509.596503150989,1929.0413817509882,125.4627065959515,No Alarm,None,None,Running,Healthy,Healthy,Healthy,Healthy,Healthy,Warning,Healthy
2026-01-05 07:00:00,Morning,10271,1.2364699842742939,77.55378707679643,0.0,15.318939171863292,1505.5774807728521,1930.315692062078,126.175062587435,No Alarm,None,None,Running,Healthy,Healthy,Healthy,Healthy,Healthy,Healthy,Healthy
2026-01-05 07:10:00,Morning,10349,1.2170228143462238,78.11592358746792,0.0,15.394286528402233,1514.745790463854,1939.8266256157694,126.40128481208586,No Alarm,None,None,Running,Healthy,Healthy,Healthy,Healthy,Healthy,Healthy,Healthy
2026-01-05 07:20:00,Morning,10710,1.2742160991935418,78.77569323188912,0.0,15.002746389767584,1508.535473839936,1949.975911759037,125.59538147902111,No Alarm,None,None,Running,Healthy,Healthy,Healthy,Healthy,Healthy,Healthy,Healthy
2026-01-05 07:30:00,Morning,10329,1.3159833467479394,78.98744760977522,0.0,16.136841020041736,1509.3362308304656,1947.719737917864,125.13188627373523,No Alarm,None,None,Running,Healthy,Healthy,Healthy,Healthy,Healthy,Warning,Healthy
2026-01-05 07:40:00,Morning,10107,1.2237189801260888,78.95806212915562,0.0,15.443861521128582,1509.1583336438962,1929.1618800126807,126.33396897561914,No Alarm,None,None,Running,Healthy,Healthy,Healthy,Healthy,Healthy,Healthy,Healthy
2026-01-05 07:50:00,Morning,10017,1.2365101034787285,77.89999981311314,5.0,16.566578975156013,1507.0417565431476,1937.5149180312899,125.3592601461155,Roller Jam,Low,Electrical,Stopped,Healthy,Warning,Warning,Healthy,Healthy,Healthy,Healthy
2026-01-05 08:00:00,Morning,10766,1.2709695797524507,78.68999194358595,0.0,16.042507691279024,1505.960628929765,1932.457468318796,123.88699384281561,No Alarm,None,None,Running,Healthy,Healthy,Healthy,Healthy,Healthy,Healthy,Healthy
2026-01-05 08:10:00,Morning,10949,1.314160264547438,79.01807228972498,0.0,17.395607559678073,1512.9206158545871,1937.8596896780014,124.30848673079518,No Alarm,None,None,Running,Healthy,Healthy,Healthy,Healthy,Healthy,Healthy,Healthy
2026-01-05 08:20:00,Morning,10683,1.230718803981109,78.0006613998965,10.0,15.832495426905908,1509.9797634073009,1952.7548519083464,124.28023087002227,Mold Level Low,Low,Mechanical,Stopped,Healthy,Healthy,Healthy,Healthy,Healthy,Healthy,Healthy
2026-01-05 08:30:00,Morning,10061,1.2760621485520076,78.72223568327036,0.0,17.089957794525375,1509.4007287848917,1928.2811942183016,125.40134906649642,No Alarm,None,None,Running,Healthy,Healthy,Healthy,Healthy,Healthy,Healthy,Healthy
2026-01-05 08:40:00,Morning,10564,1.3240651342592185,78.9051825972007,0.0,16.509484626126692,1508.679877109638,1926.2772942554695,123.76872228845221,No Alarm,None,None,Running,Healthy,Healthy,Healthy,Healthy,Healthy,Healthy,Warning
2026-01-05 08:50:00,Morning,10271,1.2203399936498442,78.75394668544565,0.0,16.927405818079315,1504.6435270755649,1931.9917175016772,123.74004381946582,No Alarm,None,None,Running,Healthy,Healthy,Warning,Healthy,Healthy,Healthy,Healthy
2026-01-05 09:00:00,Morning,10321,1.231557347007497,78.21980782648897,0.0,15.054689495553825,1510.2779288133142,1940.1389881256841,120.98448168178096,No Alarm,None,None,Running,Healthy,Healthy,Healthy,Warning,Healthy,Warning,Healthy
2026-01-05 09:10:00,Morning,10922,1.2570076376524046,78.92402674963456,0.0,15.17607218671669,1504.928340090575,1941.8587767111107,120.50566823459936,No Alarm,None,None,Running,Healthy,Healthy,Healthy,Healthy,Healthy,Healthy,Healthy
2026-01-05 09:20:00,Morning,10825,1.2534551977979256,79.02358076641264,0.0,14.821152977691746,1507.7163625558012,1939.2806534604827,120.2583714708532,No Alarm,None,None,Running,Healthy,Healthy,Healthy,Healthy,Healthy,Healthy,Healthy
2026-01-05 09:30:00,Morning,10736,1.292440488870836,79.20133903184093,0.0,17.7872233809761,1502.9016200956046,1943.9159089732755,119.76927625715764,No Alarm,None,None,Running,Healthy,Healthy,Healthy,Healthy,Healthy,Warning,Healthy
2026-01-05 09:40:00,Morning,10501,1.2739375453211153,79.14637645220027,0.0,16.497832617346468,1501.9098926280708,1918.9817778882737,118.13325333351432,No Alarm,None,None,Running,Healthy,Warning,Healthy,Healthy,Warning,Healthy,Healthy
2026-01-05 09:50:00,Morning,10579,1.2117041406584166,79.31011740853305,0.0,14.912417244863992,1507.8396783973096,1941.0221953539035,120.26988917752386,No Alarm,None,None,Running,Healthy,Healthy,Healthy,Healthy,Healthy,Healthy,Healthy
2026-01-05 10:00:00,Morning,10916,1.278325861282476,79.59055520650531,5.0,16.853389153842397,1505.07299883927,1927.3077638588036,119.23115823869725,Water Flow Alarm,Critical,Mechanical,Stopped,Healthy,Healthy,Healthy,Healthy,Healthy,Healthy,Healthy
2026-01-05 10:10:00,Morning,10661,1.2430996746204204,79.90526650116675,0.0,16.0201304623377,1502.1943812116206,1933.813088761573,117.24296368937026,No Alarm,None,None,Running,Healthy,Warning,Healthy,Healthy,Healthy,Healthy,Healthy
2026-01-05 10:20:00,Morning,10579,1.2958808169478822,79.73024671414971,0.0,17.574799441811443,1508.6099547002973,1915.4061130448038,117.84235306817908,No Alarm,None,None,Running,Healthy,Healthy,Healthy,Healthy,Healthy,Healthy,Healthy
2026-01-05 10:30:00,Morning,10098,1.2357091739271935,79.81291767029802,0.0,14.362881691171982,1512.669113564534,1923.9500682522828,116.83155505913732,No Alarm,None,None,Running,Healthy,Healthy,Warning,Healthy,Healthy,Healthy,Healthy
2026-01-05 10:40:00,Morning,10997,1.232005179639528,80.13863985514962,0.0,15.21431266967412,1510.9723667240478,1923.6112499014282,116.95397603102832,No Alarm,None,None,Running,Healthy,Healthy,Healthy,Healthy,Healthy,Healthy,Healthy
2026-01-05 10:50:00,Morning,10809,1.263592456554255,79.45754703852349,0.0,15.47114073816821,1507.0034757332073,1928.6812586968417,114.04218590056455,No Alarm,None,None,Running,Healthy,Healthy,Healthy,Healthy,Healthy,Healthy,Healthy
2026-01-05 11:00:00,Morning,10365,1.2662007608531904,80.5393746933738,0.0,14.445931637178859,1507.8355673262834,1904.3810331729208,115.08914341804177,No Alarm,None,None,Running,Healthy,Healthy,Healthy,Healthy,Healthy,Healthy,Healthy
2026-01-05 11:10:00,Morning,10251,1.2524224765386887,80.4685634776813,0.0,16.397510000079397,1510.2173659368411,1914.8611025148377,114.85019390837562,No Alarm,None,None,Running,Healthy,Healthy,Healthy,Healthy,Healthy,Healthy,Healthy
2026-01-05 11:20:00,Morning,10968,1.183803547891201,80.6016406075393,0.0,14.608266759577662,1511.0055676825525,1903.4202799038194,115.37487337540536,No Alarm,None,None,Running,Healthy,Healthy,Healthy,Healthy,Healthy,Healthy,Healthy
2026-01-05 11:30:00,Morning,10957,1.245644133609017,81.08296595383545,0.0,16.088293513603304,1507.5605515136604,1913.5794432236219,113.63273065568376,No Alarm,None,None,Running,Warning,Healthy,Healthy,Healthy,Healthy,Healthy,Healthy
2026-01-05 11:40:00,Morning,10421,1.1933601750254532,80.02560596934123,0.0,16.56884254184889,1508.7404263736532,1913.1441556042232,111.20337651105076,No Alarm,None,None,Running,Healthy,Healthy,Healthy,Healthy,Healthy,Healthy,Healthy
2026-01-05 11:50:00,Morning,10232,1.2261044781697505,80.1196595184901,0.0,15.079035392842556,1509.657969615238,1914.5839609914763,112.77961009798857,No Alarm,None,None,Running,Fault,Warning,Healthy,Healthy,Healthy,Healthy,Healthy
2026-01-05 12:00:00,Morning,10798,1.1707778892724308,81.11486530189448,0.0,14.339916528045377,1510.5578046580445,1897.3474946595275,113.93792272155069,No Alarm,None,None,Running,Healthy,Healthy,Healthy,Healthy,Healthy,Healthy,Warning
2026-01-05 12:10:00,Morning,10626,1.2211274081177421,81.09167020444598,0.0,15.347157520278575,1509.1216681921128,1906.37944174422,114.08121022696129,No Alarm,None,None,Running,Healthy,Warning,Healthy,Healthy,Healthy,Healthy,Healthy
2026-01-05 12:20:00,Morning,10901,1.177609440836016,81.24416449197807,0.0,15.411191157538587,1509.4492528379058,1907.1873553926491,116.0783203184579,No Alarm,None,None,Running,Healthy,Healthy,Healthy,Healthy,Healthy,Healthy,Healthy
2026-01-05 12:30:00,Morning,10546,1.1572381744460691,81.06465706073595,0.0,14.068778062858758,1513.5072770290988,1880.509117488968,114.86976398769306,No Alarm,None,None,Running,Healthy,Healthy,Warning,Healthy,Healthy,Healthy,Healthy
2026-01-05 12:40:00,Morning,10552,1.210900557812865,81.57999141880369,0.0,14.694583854668322,1513.4020814005412,1895.9369923063996,114.4391970357466,No Alarm,None,None,Running,Healthy,Healthy,Healthy,Healthy,Healthy,Healthy,Healthy
2026-01-05 12:50:00,Morning,10144,1.1903821902476763,81.74292608930257,0.0,15.619809867264909,1511.9039414116892,1896.1292779997564,114.529922863678,No Alarm,None,None,Running,Healthy,Healthy,Healthy,Healthy,Healthy,Healthy,Healthy
2026-01-05 13:00:00,Morning,10604,1.1582582158368848,81.6095765866683,0.0,14.743275224647684,1515.351044715403,1883.8655965202277,116.17551098062872,No Alarm,None,None,Running,Warning,Healthy,Warning,Healthy,Healthy,Healthy,Healthy
2026-01-05 13:10:00,Morning,10363,1.213675233781582,81.34793787198687,0.0,13.7396306381664,1510.4398794615095,1873.785924784281,114.47550909815129,No Alarm,None,None,Running,Healthy,Healthy,Warning,Healthy,Healthy,Healthy,Healthy
2026-01-05 13:20:00,Morning,10206,1.150320499994788,80.63539971839543,0.0,13.521231990306475,1515.825132458989,1888.6258953179038,115.39657527481594,No Alarm,None,None,Running,Healthy,Healthy,Healthy,Healthy,Healthy,Healthy,Warning
2026-01-05 13:30:00,Morning,10782,1.157861727591719,81.80211492424685,0.0,15.524136699575534,1513.4937714861508,1869.1803622695297,114.68339415038476,No Alarm,None,None,Running,Healthy,Healthy,Healthy,Healthy,Healthy,Healthy,Healthy
2026-01-05 13:40:00,Morning,10346,1.1583030393507883,81.988684959731,0.0,14.760137790040023,1520.6919870247816,1875.1380970690652,118.15884078715358,No Alarm,None,None,Running,Healthy,Healthy,Healthy,Healthy,Healthy,Healthy,Healthy
2026-01-05 13:50:00,Morning,10213,1.1249820693600883,81.75297931551086,0.0,13.52873871527503,1509.9163683954596,1874.1365091293408,117.42821082979074,No Alarm,None,None,Running,Healthy,Healthy,Healthy,Healthy,Healthy,Healthy,Healthy
2026-01-05 14:00:00,Evening,10961,1.1510623819071963,81.12808441711373,0.0,14.268993013775468,1511.5626165470896,1878.187879228125,116.63964525768472,No Alarm,None,None,Running,Healthy,Healthy,Healthy,Healthy,Healthy,Healthy,Healthy
2026-01-05 14:10:00,Evening,10963,1.1143213028102,81.72397315829681,0.0,13.938281956088668,1514.7256648715127,1865.5789343523204,117.90788065513065,No Alarm,None,None,Running,Healthy,Healthy,Warning,Healthy,Healthy,Healthy,Healthy
2026-01-05 14:20:00,Evening,10495,1.1114330137613775,81.76308675583248,0.0,14.407926024213332,1515.0677486929496,1863.3743832114064,119.23289248695941,No Alarm,None,None,Running,Healthy,Healthy,Healthy,Healthy,Healthy,Healthy,Healthy
2026-01-05 14:30:00,Evening,10296,1.1581996312629428,81.9969732466791,0.0,13.526711014385633,1519.3483171396233,1868.039830945031,118.91030917849203,No Alarm,None,None,Running,Healthy,Healthy,Healthy,Warning,Healthy,Healthy,Healthy
2026-01-05 14:40:00,Evening,10162,1.0797417963058584,80.96804234644094,0.0,12.908108056753909,1513.2016563909503,1873.8425936154454,119.16754914023598,No Alarm,None,None,Running,Warning,Healthy,Healthy,Healthy,Healthy,Healthy,Healthy
2026-01-05 14:50:00,Evening,10627,1.0323354585244988,81.1637931933884,0.0,13.095262259960608,1517.5348312668473,1882.786014089302,119.6234367449258,No Alarm,None,None,Running,Warning,Healthy,Warning,Healthy,Healthy,Healthy,Healthy
2026-01-05 15:00:00,Evening,10611,1.1469461895108186,81.48046666093356,15.0,14.266943162538418,1518.577953157239,1851.2792884851444,121.41088848090618,Hydraulic Pressure Drop,Medium,Mechanical,Stopped,Healthy,Healthy,Healthy,Healthy,Healthy,Healthy,Healthy
2026-01-05 15:10:00,Evening,10619,1.169155674836209,81.1235041668574,0.0,15.01474736329831,1517.8309967622577,1864.8774750508808,121.16000512345197,No Alarm,None,None,Running,Healthy,Healthy,Healthy,Healthy,Healthy,Healthy,Warning
2026-01-05 15:20:00,Evening,10768,1.0747523958222704,80.56495317721873,0.0,12.573749769626662,1514.061794977034,1852.8453098371167,121.61481357372956,No Alarm,None,None,Running,Healthy,Healthy,Healthy,Healthy,Healthy,Healthy,Healthy
2026-01-05 15:30:00,Evening,10471,1.0232346407774697,81.08205190366516,0.0,13.040423083108298,1520.3749315431244,1869.0418118720531,121.10412610612404,No Alarm,None,None,Running,Healthy,Healthy,Healthy,Healthy,Healthy,Warning,Healthy
2026-01-05 15:40:00,Evening,10684,1.0666664306745324,81.04563235853936,0.0,14.097438916995886,1520.3154576864406,1852.910449407439,123.32159481279616,No Alarm,None,None,Running,Healthy,Healthy,Healthy,Healthy,Healthy,Healthy,Healthy
2026-01-05 15:50:00,Evening,10656,1.0622638245350091,80.74166450770872,0.0,13.619070789692113,1519.1221132900826,1854.72495517412,123.49972653656143,No Alarm,None,None,Running,Healthy,Healthy,Healthy,Healthy,Healthy,Healthy,Healthy
2026-01-05 16:00:00,Evening,10796,1.0602665865844596,80.68172169614473,0.0,13.35071055013886,1518.508471327218,1855.2884784771359,123.78284420655689,No Alarm,None,None,Running,Healthy,Healthy,Healthy,Healthy,Healthy,Healthy,Healthy
2026-01-05 16:10:00,Evening,10744,1.0279357520778287,80.37369190652966,0.0,12.78207837917668,1518.9298298087438,1859.4512584611134,124.81732110608718,No Alarm,None,None,Running,Healthy,Healthy,Healthy,Healthy,Healthy,Healthy,Healthy
2026-01-05 16:20:00,Evening,10036,1.0743708987747091,80.94846059044517,0.0,12.845240427743812,1518.526268330241,1862.8820769667104,125.84062325754537,No Alarm,None,None,Running,Fault,Healthy,Healthy,Healthy,Healthy,Healthy,Healthy
2026-01-05 16:30:00,Evening,10620,1.0686529693131537,79.87436812509694,0.0,13.30776310170657,1520.674312843108,1864.578148232723,126.09973433043956,No Alarm,None,None,Running,Healthy,Warning,Healthy,Healthy,Healthy,Healthy,Healthy
2026-01-05 16:40:00,Evening,10976,1.0043188225351334,79.87558413951032,0.0,13.435779378705451,1519.4892505822959,1861.2490016627537,126.18343043026046,No Alarm,None,None,Running,Healthy,Healthy,Healthy,Healthy,Healthy,Healthy,Healthy
2026-01-05 16:50:00,Evening,10560,1.066671318479798,79.99000709255056,0.0,13.250071526377388,1517.6181382178038,1851.4145766897584,125.43849678356668,No Alarm,None,None,Running,Warning,Healthy,Healthy,Healthy,Healthy,Healthy,Healthy
2026-01-05 17:00:00,Evening,10530,1.1041422363215068,80.2123947934444,0.0,13.178915161474947,1517.434162591986,1868.8031446556283,125.19682270397256,No Alarm,None,None,Running,Healthy,Healthy,Healthy,Healthy,Healthy,Healthy,Healthy
2026-01-05 17:10:00,Evening,10607,1.044918281623101,79.13803022544204,0.0,12.716905558152995,1518.4791056464612,1863.6488053311894,124.71571828013313,No Alarm,None,None,Running,Healthy,Healthy,Healthy,Healthy,Healthy,Healthy,Healthy
2026-01-05 17:20:00,Evening,10560,1.027177662615601,79.090852579209,0.0,12.980315990788164,1521.2046862638163,1874.6175909072456,125.28819113326794,No Alarm,None,None,Running,Healthy,Healthy,Healthy,Healthy,Healthy,Healthy,Healthy
2026-01-05 17:30:00,Evening,10402,1.030923024892278,78.68054392523237,0.0,12.625078013126883,1520.8580049961895,1861.0671000590166,125.99517114233124,No Alarm,None,None,Running,Healthy,Healthy,Healthy,Warning,Healthy,Healthy,Healthy
2026-01-05 17:40:00,Evening,10994,1.051880810126777,79.39287797362147,0.0,13.488222424728908,1521.7249825997517,1855.4639264901841,124.93999360467024,No Alarm,None,None,Running,Healthy,Healthy,Healthy,Healthy,Healthy,Healthy,Healthy
2026-01-05 17:50:00,Evening,10071,0.980102657437689,78.82094656521652,0.0,12.617273850495433,1522.6844211437872,1869.703946435307,125.85196508370777,No Alarm,None,None,Running,Healthy,Healthy,Healthy,Healthy,Healthy,Healthy,Healthy
2026-01-05 18:00:00,Evening,10815,1.0359182586761453,79.00799638271542,0.0,13.571266459735071,1520.09377356767,1882.1711960097043,124.37398889409047,No Alarm,None,None,Running,Healthy,Healthy,Healthy,Healthy,Healthy,Healthy,Healthy
2026-01-05 18:10:00,Evening,10160,1.018603582121133,79.32573258886943,0.0,13.729036407099684,1525.5392621557019,1875.0438026826746,123.27990775162709,No Alarm,None,None,Running,Healthy,Warning,Healthy,Healthy,Healthy,Healthy,Healthy
2026-01-05 18:20:00,Evening,10207,1.085452509444069,78.71044491297718,0.0,14.265257475111515,1521.401686320748,1874.2281939091174,125.94425942197837,No Alarm,None,None,Running,Healthy,Healthy,Healthy,Healthy,Healthy,Healthy,Healthy
2026-01-05 18:30:00,Evening,10607,1.0248630558141072,78.97262452912646,0.0,12.156820852772768,1521.1655738539566,1871.0394650763267,124.02998022789326,No Alarm,None,None,Running,Healthy,Warning,Healthy,Healthy,Healthy,Healthy,Healthy
2026-01-05 18:40:00,Evening,10638,1.0805653477860737,78.68119877807331,0.0,12.874592734722532,1523.6151657587752,1894.3387934779912,123.18718856097291,No Alarm,None,None,Running,Healthy,Healthy,Healthy,Healthy,Healthy,Healthy,Healthy
2026-01-05 18:50:00,Evening,10928,0.9982256238330711,78.99892391832596,0.0,12.424780264391512,1517.9594643672638,1874.4018883319686,122.42948220694548,No Alarm,None,None,Running,Healthy,Healthy,Healthy,Healthy,Healthy,Healthy,Healthy
2026-01-05 19:00:00,Evening,10295,1.0501308921163606,78.8580874694327,0.0,12.810813401386916,1520.6970705393173,1879.2747350954292,123.76282196383823,No Alarm,None,None,Running,Healthy,Healthy,Healthy,Healthy,Healthy,Healthy,Healthy
2026-01-05 19:10:00,Evening,10026,1.043632917952551,78.33846521092113,0.0,12.248582765534227,1525.2295759303515,1892.1436387236665,124.38562339509049,No Alarm,None,None,Running,Healthy,Healthy,Healthy,Healthy,Healthy,Healthy,Healthy
2026-01-05 19:20:00,Evening,10256,1.00987506105636,78.50459126916152,0.0,12.314254007283404,1518.5173881962578,1875.2958402423178,121.70526630406208,No Alarm,None,None,Running,Healthy,Warning,Healthy,Healthy,Healthy,Healthy,Healthy
2026-01-05 19:30:00,Evening,10545,1.0435158568965435,78.95627317922623,0.0,12.711789157673465,1525.71927933289,1902.9451598882629,121.3616283694539,No Alarm,None,None,Running,Healthy,Healthy,Warning,Healthy,Healthy,Healthy,Healthy
2026-01-05 19:40:00,Evening,10358,1.077162025110252,78.67299193702084,0.0,12.994231896045306,1526.7477768459369,1900.3786255274965,122.3214225625418,No Alarm,None,None,Running,Warning,Healthy,Healthy,Healthy,Healthy,Healthy,Healthy
2026-01-05 19:50:00,Evening,10253,1.0340021875634084,77.94402381797464,0.0,12.703974704234103,1522.0709679870486,1905.23607839417,118.26774342751786,No Alarm,None,None,Running,Healthy,Healthy,Healthy,Healthy,Healthy,Healthy,Healthy
2026-01-05 20:00:00,Evening,10915,0.9962144907668403,78.76261446443063,0.0,13.277596729808335,1523.7288267994238,1905.173013099814,122.2009354473514,No Alarm,None,None,Running,Healthy,Healthy,Healthy,Healthy,Healthy,Healthy,Healthy
2026-01-05 20:10:00,Evening,10562,1.0500218186452694,78.07448968097087,0.0,13.264739361940336,1525.7817070709862,1902.0817902055796,122.17561998388238,No Alarm,None,None,Running,Healthy,Healthy,Healthy,Healthy,Healthy,Healthy,Healthy
2026-01-05 20:20:00,Evening,10673,1.0273582133001273,79.09165864678234,0.0,14.57224401949042,1521.7817550513344,1897.5133143156954,115.40466782607693,No Alarm,None,None,Running,Healthy,Healthy,Healthy,Healthy,Warning,Healthy,Warning
2026-01-05 20:30:00,Evening,10750,1.0483377711693347,78.96483809738844,0.0,13.22357786983044,1525.063037804907,1907.5188871177293,117.95830827104102,No Alarm,None,None,Running,Healthy,Healthy,Healthy,Healthy,Healthy,Healthy,Healthy
2026-01-05 20:40:00,Evening,10410,1.0606194609577368,78.7097254328077,0.0,13.054697220215635,1521.1408681113114,1903.4202032871638,116.65484583668021,No Alarm,None,None,Running,Healthy,Healthy,Healthy,Healthy,Healthy,Healthy,Healthy
2026-01-05 20:50:00,Evening,10736,1.0166248647219434,78.70499688827618,0.0,12.710703826882698,1521.5303326830249,1917.644081892937,116.6669297763514,No Alarm,None,None,Running,Healthy,Healthy,Healthy,Healthy,Warning,Healthy,Healthy
2026-01-05 21:00:00,Evening,10964,1.0243056738175398,78.6162477361979,0.0,12.983365307629725,1520.6122887494816,1922.6807137065982,115.97979576590396,No Alarm,None,None,Running,Healthy,Healthy,Healthy,Healthy,Healthy,Healthy,Healthy
2026-01-05 21:10:00,Evening,10725,1.0924567080174243,79.03805062868207,0.0,13.960386620237548,1523.3345167909815,1930.4404888010338,116.98832282904941,No Alarm,None,None,Running,Healthy,Healthy,Healthy,Warning,Healthy,Healthy,Healthy
2026-01-05 21:20:00,Evening,10297,1.0677546024379574,78.693670227126,0.0,14.800630458575784,1525.2213994545405,1923.9169539106722,115.45130676100393,No Alarm,None,None,Running,Healthy,Healthy,Healthy,Healthy,Healthy,Warning,Healthy
2026-01-05 21:30:00,Evening,10779,1.0121406845450969,79.01958703239029,0.0,12.060034231329412,1521.696460146463,1930.5631639745325,114.10958005650313,No Alarm,None,None,Running,Healthy,Healthy,Healthy,Healthy,Healthy,Healthy,Healthy
2026-01-05 21:40:00,Evening,10237,1.1184631544081534,79.36496888636232,8.0,14.582121670826332,1518.7909971015722,1922.9102271941842,114.66025793259391,Roller Jam,Medium,Mechanical,Stopped,Healthy,Healthy,Healthy,Healthy,Healthy,Healthy,Healthy
2026-01-05 21:50:00,Evening,10073,1.1090937074441451,78.88913660338467,0.0,14.009096761381702,1519.0573112996776,1923.469645199187,115.20012106010364,No Alarm,None,None,Running,Healthy,Healthy,Healthy,Healthy,Healthy,Warning,Healthy
2026-01-05 22:00:00,Night,10445,1.0856625859967841,78.97119640087335,0.0,12.471013905160369,1522.528628589638,1932.9724446222485,112.93154530048628,No Alarm,None,None,Running,Fault,Healthy,Healthy,Healthy,Healthy,Warning,Warning
2026-01-05 22:10:00,Night,10510,1.0738625789940865,78.8491712603259,0.0,13.962771384892417,1525.914120832499,1927.8488392062068,112.20259422526867,No Alarm,None,None,Running,Healthy,Healthy,Healthy,Healthy,Healthy,Healthy,Healthy
2026-01-05 22:20:00,Night,10470,1.1448434110630354,79.01504378992638,0.0,15.197879130850676,1522.0340857685746,1934.7141982379208,116.4536005248673,No Alarm,None,None,Running,Healthy,Healthy,Healthy,Healthy,Healthy,Warning,Healthy
2026-01-05 22:30:00,Night,10262,1.1367446627204374,78.82727105785614,0.0,13.609284801361268,1519.8133540824208,1925.5466034666813,113.23495910414206,No Alarm,None,None,Running,Healthy,Healthy,Healthy,Healthy,Healthy,Healthy,Healthy
2026-01-05 22:40:00,Night,10273,1.2043104223684966,79.97142029385707,0.0,15.047626572081828,1522.4124290867635,1928.3073328561943,113.8445008457915,No Alarm,None,None,Running,Healthy,Healthy,Healthy,Healthy,Healthy,Healthy,Healthy
2026-01-05 22:50:00,Night,10922,1.1520591946293175,80.52613867551072,0.0,13.192991949461076,1519.600856731102,1941.6107431262199,113.59528010344742,No Alarm,None,None,Running,Healthy,Healthy,Healthy,Healthy,Healthy,Healthy,Healthy
2026-01-05 23:00:00,Night,10292,1.157738356126517,80.4971587450755,0.0,13.590564929802428,1518.9435281266904,1944.625819536591,114.85287427152568,No Alarm,None,None,Running,Healthy,Healthy,Healthy,Healthy,Healthy,Healthy,Healthy
2026-01-05 23:10:00,Night,10783,1.1477651607404251,79.40155414383288,0.0,15.080685213587392,1517.1705106992367,1930.4851313518056,116.50305132278932,No Alarm,None,None,Running,Healthy,Healthy,Warning,Healthy,Healthy,Healthy,Healthy
2026-01-05 23:20:00,Night,10258,1.1839334549780116,80.46652976102547,0.0,14.472676633019942,1522.753783599576,1944.4029050842023,115.3083545259394,No Alarm,None,None,Running,Warning,Healthy,Healthy,Healthy,Healthy,Healthy,Healthy
2026-01-05 23:30:00,Night,10108,1.1848108173123246,80.86880479018645,0.0,14.03397313394743,1512.5400652713113,1935.2702771825834,113.08095701902056,No Alarm,None,None,Running,Healthy,Healthy,Warning,Healthy,Healthy,Warning,Healthy
2026-01-05 23:40:00,Night,10064,1.2101885440561821,80.23853074975553,0.0,15.287979055823177,1520.5284384540519,1939.982742506764,113.58353595101774,No Alarm,None,None,Running,Healthy,Healthy,Healthy,Healthy,Healthy,Healthy,Healthy
2026-01-05 23:50:00,Night,10244,1.1635057900848946,80.58020251852834,0.0,14.178133674059467,1517.0113008613926,1951.3277463148288,115.15473074366871,No Alarm,None,None,Running,Healthy,Healthy,Healthy,Healthy,Healthy,Healthy,Healthy
2026-01-06 00:00:00,Night,10842,1.1725020052568071,79.85108991254987,0.0,14.326699905267214,1516.773759123024,1946.4159015019843,115.74424178504457,No Alarm,None,None,Running,Healthy,Healthy,Healthy,Healthy,Healthy,Healthy,Healthy
2026-01-06 00:10:00,Night,10456,1.1775001482077445,80.87102443246259,0.0,15.236280070569238,1521.6523490183451,1946.1092756983771,114.47171926381283,No Alarm,None,None,Running,Healthy,Healthy,Healthy,Healthy,Healthy,Healthy,Healthy
2026-01-06 00:20:00,Night,10696,1.221777103692007,80.44368412987694,0.0,14.459000444896047,1515.2521309322522,1954.622351792457,118.02779960651097,No Alarm,None,None,Running,Healthy,Healthy,Healthy,Healthy,Healthy,Warning,Healthy
2026-01-06 00:30:00,Night,10963,1.2490358202401461,81.04770810476357,0.0,14.979192104124543,1514.9480907268141,1933.1558901880785,116.27706502264937,No Alarm,None,None,Running,Healthy,Healthy,Healthy,Warning,Healthy,Healthy,Healthy
2026-01-06 00:40:00,Night,10049,1.196184022403294,80.43540168434876,0.0,15.060156274545383,1515.9289631630886,1930.1624986125819,119.93284410500904,No Alarm,None,None,Running,Healthy,Healthy,Warning,Healthy,Healthy,Healthy,Healthy
2026-01-06 00:50:00,Night,10110,1.202885694605381,81.36169885949445,0.0,15.714658036091006,1516.8931156550839,1931.3660474885464,120.9044495756667,No Alarm,None,None,Running,Healthy,Healthy,Healthy,Healthy,Healthy,Healthy,Healthy
2026-01-06 01:00:00,Night,10921,1.2305283861364436,81.63108965243333,0.0,16.24831703774844,1514.355260369107,1934.0355254786994,119.01338687814227,No Alarm,None,None,Running,Healthy,Healthy,Healthy,Healthy,Healthy,Healthy,Healthy
2026-01-06 01:10:00,Night,10568,1.2189909806643975,80.9762654141363,0.0,14.771844054051833,1511.125505622735,1916.003378686938,120.43654029558277,No Alarm,None,None,Running,Healthy,Healthy,Healthy,Healthy,Healthy,Healthy,Healthy
2026-01-06 01:20:00,Night,10618,1.2599475612972948,80.89407116343246,0.0,16.40550839305994,1512.49601027006,1931.7938212612898,119.03081998744923,No Alarm,None,None,Running,Healthy,Healthy,Healthy,Healthy,Healthy,Healthy,Healthy
2026-01-06 01:30:00,Night,10342,1.1686036324140257,80.53637228977699,0.0,14.058645799746035,1517.4645423203742,1927.561518813746,121.851864447613,No Alarm,None,None,Running,Healthy,Healthy,Healthy,Healthy,Healthy,Healthy,Warning
2026-01-06 01:40:00,Night,10827,1.2158609510258778,81.33244926359147,0.0,16.47660843065823,1514.0509482050466,1936.5111947003188,121.08889281342218,No Alarm,None,None,Running,Healthy,Healthy,Healthy,Warning,Healthy,Healthy,Healthy
2026-01-06 01:50:00,Night,10647,1.2214150143746179,81.23662289819147,14.0,14.474047961888914,1514.5973623872678,1931.249148295195,120.94845901547373,Roller Jam,Critical,Process,Stopped,Healthy,Healthy,Healthy,Healthy,Healthy,Healthy,Healthy
2026-01-06 02:00:00,Night,10258,1.1792094386310832,80.86890120718759,0.0,15.670053150442751,1512.425554198437,1921.686589097295,122.44984445121945,No Alarm,None,None,Running,Healthy,Healthy,Healthy,Healthy,Healthy,Healthy,Healthy
2026-01-06 02:10:00,Night,10649,1.2235386583520442,81.68022853527027,0.0,14.834692954627446,1511.0446272458755,1929.1565183979717,122.75410669936085,No Alarm,None,None,Running,Healthy,Healthy,Healthy,Warning,Healthy,Healthy,Healthy
2026-01-06 02:20:00,Night,10004,1.228304705256542,81.31834109517018,0.0,16.763081334062996,1516.5073247509513,1928.0590377079561,123.40566845424058,No Alarm,None,None,Running,Warning,Healthy,Healthy,Healthy,Warning,Healthy,Healthy
2026-01-06 02:30:00,Night,10241,1.252711492225285,81.05694403546248,6.0,16.0728181630128,1511.4696662216202,1913.8617143488123,125.38040407386644,Mold Level Low,High,Electrical,Stopped,Healthy,Healthy,Healthy,Warning,Healthy,Healthy,Healthy
2026-01-06 02:40:00,Night,10204,1.2947833064758845,81.24399655858736,0.0,15.473579760362801,1510.466113945213,1913.7141333035331,123.70097497818446,No Alarm,None,None,Running,Fault,Healthy,Healthy,Healthy,Healthy,Healthy,Healthy
2026-01-06 02:50:00,Night,10786,1.2563484868152472,81.86276098390417,0.0,15.338789149510836,1513.9578492091464,1897.4252161372833,127.08153282868123,No Alarm,None,None,Running,Healthy,Healthy,Healthy,Healthy,Healthy,Healthy,Healthy
2026-01-06 03:00:00,Night,10736,1.2347310347459557,81.63387336165016,0.0,15.980964777981066,1509.0640013421921,1904.0049806491452,123.71564140553649,No Alarm,None,None,Running,Healthy,Warning,Healthy,Healthy,Healthy,Warning,Healthy
2026-01-06 03:10:00,Night,10092,1.2655450806682043,81.28948165306676,0.0,16.55616460068345,1509.0458159195166,1904.236084787493,127.49742409860548,No Alarm,None,None,Running,Healthy,Healthy,Healthy,Healthy,Healthy,Healthy,Healthy
2026-01-06 03:20:00,Night,10907,1.2999653949805983,81.52861705127216,0.0,16.200066523050356,1510.2321491163282,1908.169542297183,124.53674706145227,No Alarm,None,None,Running,Healthy,Warning,Warning,Healthy,Healthy,Healthy,Healthy
2026-01-06 03:30:00,Night,10819,1.2400822748866536,80.74720271428451,0.0,15.532289232757595,1509.8930869664355,1897.3798634749303,125.89547832291221,No Alarm,None,None,Running,Healthy,Healthy,Healthy,Healthy,Healthy,Healthy,Healthy
2026-01-06 03:40:00,Night,10435,1.242546342358433,81.1466991948016,0.0,16.06267640233126,1510.240085686656,1898.180060619032,125.3896754407204,No Alarm,None,None,Running,Healthy,Healthy,Healthy,Healthy,Healthy,Healthy,Healthy
2026-01-06 03:50:00,Night,10212,1.2867527529536886,81.10699502770768,0.0,16.17666831082868,1514.5323951908545,1889.8196189823657,125.58692363753833,No Alarm,None,None,Running,Warning,Healthy,Healthy,Healthy,Healthy,Healthy,Warning
2026-01-06 04:00:00,Night,10421,1.2631126323482669,80.7671724073092,0.0,14.883454502816473,1509.8702472107216,1898.327441745916,126.92256999138799,No Alarm,None,None,Running,Healthy,Healthy,Warning,Healthy,Healthy,Healthy,Healthy
2026-01-06 04:10:00,Night,10590,1.288576157578642,81.0297024101854,0.0,15.5381201524849,1502.8258186396413,1897.7140260731585,127.66271697369153,No Alarm,None,None,Running,Healthy,Healthy,Healthy,Healthy,Healthy,Healthy,Healthy
2026-01-06 04:20:00,Night,10631,1.2677674568134494,80.43782009168882,0.0,16.01167717037428,1509.3435972288835,1894.9022978980386,127.13495756547302,No Alarm,None,None,Running,Healthy,Warning,Healthy,Healthy,Healthy,Healthy,Healthy
2026-01-06 04:30:00,Night,10348,1.2878873641260844,80.8431908797484,0.0,16.94942974312444,1508.3956231850088,1889.194279049519,125.00688768091464,No Alarm,None,None,Running,Healthy,Healthy,Healthy,Healthy,Healthy,Healthy,Healthy
2026-01-06 04:40:00,Night,10102,1.2340851886900286,80.74483847321247,0.0,16.557252555538792,1508.1993657913351,1874.2272678919055,125.44532751138418,No Alarm,None,None,Running,Healthy,Healthy,Healthy,Healthy,Healthy,Healthy,Healthy
2026-01-06 04:50:00,Night,10610,1.2627197986525032,79.23842593765048,0.0,16.329668077696304,1508.5126960855193,1879.1164140649005,123.96503506909349,No Alarm,None,None,Running,Healthy,Healthy,Healthy,Healthy,Healthy,Warning,Healthy
2026-01-06 05:00:00,Night,10706,1.2543575140070589,80.75979421193038,0.0,15.88057245781369,1507.650970906145,1878.4085284417813,123.34398097934684,No Alarm,None,None,Running,Fault,Healthy,Healthy,Healthy,Healthy,Healthy,Healthy
2026-01-06 05:10:00,Night,10268,1.2214558514002507,78.94103214077029,8.0,15.792367862690869,1507.434164749471,1876.113007668712,122.74329246037826,Roller Jam,Critical,Electrical,Stopped,Healthy,Healthy,Healthy,Healthy,Healthy,Healthy,Healthy
2026-01-06 05:20:00,Night,10640,1.2079495658000738,79.78896773372347,0.0,14.632643977356123,1508.9599157541472,1877.7033992849713,123.1376235485557,No Alarm,None,None,Running,Warning,Healthy,Healthy,Healthy,Healthy,Healthy,Healthy
2026-01-06 05:30:00,Night,10569,1.272024160473758,80.32058313142036,0.0,15.793040333741226,1505.9526412774876,1886.3737842069893,123.46949964109275,No Alarm,None,None,Running,Healthy,Healthy,Healthy,Healthy,Healthy,Healthy,Healthy
2026-01-06 05:40:00,Night,10502,1.2372078611575044,79.65920735880319,0.0,14.888206759531172,1504.8383918579555,1879.4433322945656,120.35138273790929,No Alarm,None,None,Running,Healthy,Healthy,Healthy,Healthy,Healthy,Healthy,Healthy
2026-01-06 05:50:00,Night,10009,1.2130511893052511,79.07681019132396,0.0,14.28902003882024,1514.6863026777467,1863.1437226931432,122.03909096194788,No Alarm,None,None,Running,Healthy,Healthy,Healthy,Healthy,Healthy,Healthy,Healthy
2026-01-06 06:00:00,Morning,10308,1.236528211149822,79.10528924366001,0.0,15.690086947518116,1505.2761255630019,1874.6970365494262,123.34217032603165,No Alarm,None,None,Running,Healthy,Healthy,Healthy,Healthy,Healthy,Healthy,Healthy
2026-01-06 06:10:00,Morning,10375,1.268672229615717,79.83621912452331,0.0,15.98826218480578,1507.2748780248708,1872.7547091327815,122.28224151616138,No Alarm,None,None,Running,Healthy,Healthy,Warning,Healthy,Healthy,Healthy,Warning
2026-01-06 06:20:00,Morning,10834,1.161565854383845,78.54351534615105,0.0,15.000929918954371,1503.2640562323893,1859.690030267996,119.63738371277705,No Alarm,None,None,Running,Healthy,Warning,Healthy,Healthy,Healthy,Healthy,Healthy
2026-01-06 06:30:00,Morning,10827,1.1799983418766222,79.65514813150173,0.0,15.13225755508249,1507.2930518312648,1871.586216806337,118.0636202678555,No Alarm,None,None,Running,Healthy,Healthy,Healthy,Healthy,Healthy,Healthy,Healthy
2026-01-06 06:40:00,Morning,10874,1.1918893164641184,79.07847307527402,0.0,15.068467445728183,1504.6874819836476,1862.3254031501126,119.6945264365022,No Alarm,None,None,Running,Healthy,Healthy,Healthy,Healthy,Healthy,Healthy,Healthy
2026-01-06 06:50:00,Morning,10464,1.2578749976336572,78.5267608236384,0.0,16.113069136395,1505.95297304971,1851.3035956072895,115.77324403602239,No Alarm,None,None,Running,Healthy,Healthy,Healthy,Healthy,Healthy,Healthy,Healthy
2026-01-06 07:00:00,Morning,10327,1.2167833606781422,78.68059258327776,0.0,15.179913841117543,1509.7302745936981,1865.3658878162776,119.31221711882652,No Alarm,None,None,Running,Fault,Healthy,Healthy,Healthy,Healthy,Warning,Healthy
2026-01-06 07:10:00,Morning,10500,1.225411478220947,78.42460695552819,0.0,15.60666745441752,1508.3757962352597,1862.77105447713,117.16978432455043,No Alarm,None,None,Running,Healthy,Healthy,Healthy,Healthy,Healthy,Healthy,Healthy
2026-01-06 07:20:00,Morning,10792,1.1621116812526635,79.10375476352223,0.0,14.018094933777842,1508.7144620156469,1858.6981447722114,119.09542441809862,No Alarm,None,None,Running,Healthy,Healthy,Healthy,Healthy,Healthy,Healthy,Healthy
2026-01-06 07:30:00,Morning,10622,1.1565120649636946,78.98462891154215,11.0,14.715194959993575,1502.9823543891152,1859.879550660993,114.32827572725772,Hydraulic Pressure Drop,Low,Process,Stopped,Healthy,Healthy,Healthy,Healthy,Warning,Healthy,Warning
2026-01-06 07:40:00,Morning,10602,1.1971904572516452,77.94746689163591,0.0,15.432773095345771,1512.1385028217348,1854.26301694887,117.04114372892555,No Alarm,None,None,Running,Fault,Healthy,Healthy,Healthy,Healthy,Warning,Healthy
2026-01-06 07:50:00,Morning,10435,1.1790580216736726,78.42664082604378,0.0,14.269448271270365,1504.721090487802,1864.9109124379802,115.39806409331871,No Alarm,None,None,Running,Healthy,Healthy,Healthy,Healthy,Healthy,Healthy,Healthy
2026-01-06 08:00:00,Morning,10697,1.1872414345036457,78.20554908004969,0.0,14.876800400590565,1511.6949688831198,1859.874010203748,114.74549641964221,No Alarm,None,None,Running,Healthy,Healthy,Warning,Warning,Warning,Healthy,Healthy
2026-01-06 08:10:00,Morning,10868,1.1585545013463474,79.04103090810999,0.0,14.04540951008879,1510.6180119660742,1861.9216802554772,113.17155922495846,No Alarm,None,None,Running,Healthy,Healthy,Healthy,Healthy,Healthy,Healthy,Healthy
2026-01-06 08:20:00,Morning,10668,1.1658905355378402,77.96663750820376,0.0,14.205077006661721,1509.715405616445,1863.9907894184842,115.25468629239995,No Alarm,None,None,Running,Healthy,Healthy,Warning,Healthy,Healthy,Healthy,Warning
2026-01-06 08:30:00,Morning,10404,1.155628104137149,79.14178332964742,0.0,13.657900753142854,1506.3593495823338,1852.6132089742105,115.13012771257215,No Alarm,None,None,Running,Warning,Healthy,Healthy,Healthy,Healthy,Healthy,Healthy
2026-01-06 08:40:00,Morning,10840,1.1675531317746648,78.4905983278318,14.0,15.480456594799898,1509.1167785036434,1855.5813628190642,116.29665530332008,Water Flow Alarm,Low,Electrical,Stopped,Healthy,Healthy,Healthy,Healthy,Healthy,Healthy,Healthy
2026-01-06 08:50:00,Morning,10943,1.1617837716511321,78.05335045658731,0.0,15.268276767943185,1507.817144950955,1846.107362525827,115.25830763085598,No Alarm,None,None,Running,Healthy,Healthy,Warning,Healthy,Healthy,Healthy,Healthy
2026-01-06 09:00:00,Morning,10797,1.0823691199116818,78.27170739112212,0.0,13.90581769685516,1509.338702743478,1869.5170349083455,113.28958224390728,No Alarm,None,None,Running,Fault,Healthy,Healthy,Healthy,Healthy,Warning,Healthy
2026-01-06 09:10:00,Morning,10877,1.0569977136616202,78.25657723329368,0.0,14.593008587130923,1508.9274102584563,1856.6690972515908,112.81115833062024,No Alarm,None,None,Running,Healthy,Healthy,Healthy,Healthy,Healthy,Healthy,Healthy
2026-01-06 09:20:00,Morning,10266,1.1479975661941513,78.11185978072336,0.0,14.217497589829016,1504.755168666713,1868.9444413558938,112.44693271696364,No Alarm,None,None,Running,Healthy,Healthy,Healthy,Healthy,Healthy,Healthy,Healthy
2026-01-06 09:30:00,Morning,10422,1.1472053001164513,78.71368619776621,0.0,16.462299942033084,1512.968627419061,1872.511581147975,115.98938019291836,No Alarm,None,None,Running,Healthy,Healthy,Healthy,Healthy,Healthy,Healthy,Healthy
2026-01-06 09:40:00,Morning,10250,1.0747017694487577,78.24782836801316,0.0,13.274501527355218,1510.2859583226245,1876.1576010477831,113.47782713016986,No Alarm,None,None,Running,Healthy,Healthy,Healthy,Healthy,Healthy,Healthy,Healthy
2026-01-06 09:50:00,Morning,10366,1.0434101749036522,77.93883915471125,0.0,13.221262532524864,1509.6125602226796,1863.6290820495549,116.43387449033084,No Alarm,None,None,Running,Warning,Healthy,Healthy,Healthy,Healthy,Healthy,Healthy
2026-01-06 10:00:00,Morning,10734,1.0962177924372958,78.7393583666869,0.0,13.424277865708051,1509.7700145692181,1874.781158464736,115.58702698121218,No Alarm,None,None,Running,Healthy,Healthy,Healthy,Healthy,Healthy,Healthy,Healthy
2026-01-06 10:10:00,Morning,10677,1.1153885246153488,78.25802513733127,0.0,14.202984449734073,1512.4228239462468,1890.8156550600256,115.7025544578915,No Alarm,None,None,Running,Healthy,Healthy,Healthy,Healthy,Healthy,Healthy,Healthy
2026-01-06 10:20:00,Morning,10004,1.1358008081431077,78.7733269417753,0.0,14.782440551309218,1509.656808017245,1893.419059368372,115.33505368466734,No Alarm,None,None,Running,Healthy,Healthy,Healthy,Healthy,Healthy,Healthy,Healthy
2026-01-06 10:30:00,Morning,10756,1.091981708805987,78.81199931406812,6.0,13.57002988493768,1506.6255542082579,1889.9444255481474,116.93565906456966,Hydraulic Pressure Drop,High,Electrical,Stopped,Healthy,Healthy,Warning,Healthy,Healthy,Healthy,Healthy
2026-01-06 10:40:00,Morning,10193,1.060187905702573,78.93432462801874,0.0,14.496052714264497,1513.6604516960188,1887.1668514872529,116.60238191490915,No Alarm,None,None,Running,Healthy,Warning,Healthy,Healthy,Healthy,Healthy,Healthy
2026-01-06 10:50:00,Morning,10186,1.0396348300821656,80.19534448200235,0.0,13.162839875270492,1514.325410970779,1878.9161312532776,116.68974852420217,No Alarm,None,None,Running,Warning,Healthy,Healthy,Healthy,Healthy,Healthy,Healthy
2026-01-06 11:00:00,Morning,10544,1.0621194992353813,79.53387129374599,0.0,13.465833510719406,1512.9185300412141,1895.2539788549714,118.50851593152126,No Alarm,None,None,Running,Healthy,Healthy,Healthy,Healthy,Healthy,Healthy,Healthy
2026-01-06 11:10:00,Morning,10242,1.048417457514627,79.72919423619604,0.0,12.468919832773235,1510.9417636938542,1890.8354866549553,118.0642968855614,No Alarm,None,None,Running,Healthy,Healthy,Healthy,Healthy,Healthy,Healthy,Healthy
2026-01-06 11:20:00,Morning,10963,1.0228485427711789,79.04278637909793,0.0,13.078556136825005,1514.4307415918208,1899.2136329552902,117.86042959081531,No Alarm,None,None,Running,Healthy,Healthy,Healthy,Healthy,Healthy,Healthy,Healthy
2026-01-06 11:30:00,Morning,10147,1.110966809025756,79.61577219529791,0.0,13.793266058255394,1510.9459322574774,1892.3198255667548,120.13139720815263,No Alarm,None,None,Running,Healthy,Healthy,Healthy,Healthy,Healthy,Healthy,Healthy
2026-01-06 11:40:00,Morning,10152,1.0995728437591399,80.08834144347193,0.0,13.318892736453147,1512.4390287627266,1898.6639034554084,119.93387509071074,No Alarm,None,None,Running,Healthy,Healthy,Healthy,Healthy,Healthy,Healthy,Healthy
2026-01-06 11:50:00,Morning,10761,1.0769337546064952,79.71725635860858,0.0,12.918139846877335,1513.530184729934,1904.0251319432202,121.19629620145086,No Alarm,None,None,Running,Healthy,Healthy,Healthy,Healthy,Healthy,Healthy,Healthy
2026-01-06 12:00:00,Morning,10287,1.01239190231585,80.61425868786141,0.0,14.525133144777806,1517.9155844531688,1907.3347138377771,120.65782770366138,No Alarm,None,None,Running,Healthy,Healthy,Healthy,Healthy,Healthy,Healthy,Healthy
2026-01-06 12:10:00,Morning,10715,1.0631724792557469,79.89217826284344,0.0,13.105221915571512,1515.296002682273,1911.9429735200488,120.33235473623394,No Alarm,None,None,Running,Healthy,Healthy,Healthy,Healthy,Healthy,Healthy,Healthy
2026-01-06 12:20:00,Morning,10682,1.0545622424400032,80.37834322750986,0.0,12.162138235953153,1515.4766516124691,1905.9528224853677,124.42841167789742,No Alarm,None,None,Running,Healthy,Warning,Healthy,Healthy,Healthy,Healthy,Healthy
2026-01-06 12:30:00,Morning,10190,1.0468550641722052,80.37468094585952,0.0,12.596933280339766,1521.872846551225,1902.3862641371745,124.7418355537717,No Alarm,None,None,Running,Healthy,Warning,Warning,Healthy,Healthy,Healthy,Healthy
2026-01-06 12:40:00,Morning,10580,1.069633131352992,80.78681436063742,0.0,13.334316654279053,1518.252104872647,1928.618632236539,124.45718777490345,No Alarm,None,None,Running,Healthy,Healthy,Healthy,Healthy,Healthy,Healthy,Healthy
2026-01-06 12:50:00,Morning,10537,1.0501324476120226,80.5718699180505,0.0,13.509322517981822,1518.5973421360325,1937.9527993552176,123.40807879720816,No Alarm,None,None,Running,Healthy,Healthy,Healthy,Healthy,Healthy,Healthy,Healthy
2026-01-06 13:00:00,Morning,10095,1.052566849847865,80.82094121494954,0.0,13.545443188306033,1517.1976380194417,1923.956403174036,123.95117360194152,No Alarm,None,None,Running,Healthy,Healthy,Healthy,Healthy,Healthy,Healthy,Healthy
2026-01-06 13:10:00,Morning,10765,1.049137865169161,80.92962961887373,11.0,13.58785350085808,1516.9951916371324,1912.0328411344008,126.36537202084268,Water Flow Alarm,High,Electrical,Stopped,Healthy,Healthy,Healthy,Healthy,Healthy,Healthy,Healthy
2026-01-06 13:20:00,Morning,10858,1.0402888532808947,80.81800197887354,0.0,12.552208451365054,1513.3756221434633,1918.5864400338285,124.62998037428143,No Alarm,None,None,Running,Healthy,Healthy,Healthy,Healthy,Healthy,Warning,Healthy
2026-01-06 13:30:00,Morning,10948,0.9769612857342231,81.38575398705183,0.0,12.450324382128871,1521.6094049156745,1930.8821075861429,124.59300285257947,No Alarm,None,None,Running,Healthy,Healthy,Healthy,Healthy,Healthy,Healthy,Healthy
2026-01-06 13:40:00,Morning,10088,1.0337515865825557,81.35876012693478,0.0,12.308653207404541,1520.6437764894872,1939.4561502626443,127.84276926855183,No Alarm,None,None,Running,Fault,Warning,Healthy,Healthy,Healthy,Healthy,Healthy
2026-01-06 13:50:00,Morning,10179,1.0156969699576717,81.29087896812592,8.0,12.26246203636109,1519.3992307312647,1920.8145293517302,125.72697774338737,Roller Jam,High,Electrical,Stopped,Healthy,Healthy,Healthy,Healthy,Healthy,Healthy,Healthy
2026-01-06 14:00:00,Evening,10826,0.9954901973674473,81.20785572391041,0.0,11.801231184942909,1519.8161071089683,1931.1778371278454,128.0366109349903,No Alarm,None,None,Running,Healthy,Warning,Healthy,Healthy,Healthy,Healthy,Healthy
2026-01-06 14:10:00,Evening,10305,1.086200908197682,81.74279312079044,0.0,12.745639154252236,1522.2986674206593,1935.25186554023,124.30764409306592,No Alarm,None,None,Running,Healthy,Healthy,Healthy,Healthy,Healthy,Healthy,Healthy
2026-01-06 14:20:00,Evening,10626,1.0898297972165985,81.36409387676278,0.0,14.367819107408087,1516.8570215594734,1941.963292919826,126.61894281082579,No Alarm,None,None,Running,Healthy,Healthy,Healthy,Healthy,Healthy,Healthy,Healthy
2026-01-06 14:30:00,Evening,10349,1.0812957961020127,81.35987861533495,0.0,13.99822564196038,1519.540226889911,1933.5044075637036,128.4339053859722,No Alarm,None,None,Running,Healthy,Healthy,Healthy,Healthy,Healthy,Healthy,Healthy
2026-01-06 14:40:00,Evening,10218,1.0510726385727889,81.53827391687865,0.0,13.822073741144553,1518.4302723451551,1924.7881840590728,125.87635596845956,No Alarm,None,None,Running,Warning,Healthy,Healthy,Healthy,Healthy,Healthy,Healthy
2026-01-06 14:50:00,Evening,10625,1.0871609253030978,82.17848731274796,0.0,13.61703071250573,1525.9402276843268,1943.1480567168926,125.35754059726005,No Alarm,None,None,Running,Fault,Healthy,Healthy,Healthy,Healthy,Healthy,Healthy
2026-01-06 15:00:00,Evening,10206,1.050548626302623,80.95675527383337,8.0,13.67562321798839,1523.9247430383718,1947.8869993335516,124.05003841055324,Mold Level Low,Medium,Process,Stopped,Healthy,Healthy,Healthy,Healthy,Healthy,Warning,Healthy
2026-01-06 15:10:00,Evening,10137,1.0601237938944417,81.78352428444381,0.0,12.018644840430738,1516.4361868338412,1938.765280931137,126.47267910626627,No Alarm,None,None,Running,Healthy,Healthy,Healthy,Healthy,Healthy,Healthy,Warning
2026-01-06 15:20:00,Evening,10531,1.0253846762316803,80.69075566762594,0.0,13.421469715527753,1518.3484749177314,1943.0301525348607,123.92054489783105,No Alarm,None,None,Running,Healthy,Healthy,Healthy,Healthy,Healthy,Warning,Healthy
2026-01-06 15:30:00,Evening,10194,1.074530793211056,81.49732609510971,0.0,13.55561879614172,1521.9741468658603,1936.1777500478358,124.35335285485097,No Alarm,None,None,Running,Healthy,Healthy,Healthy,Healthy,Healthy,Healthy,Healthy
2026-01-06 15:40:00,Evening,10193,1.0691344874069897,81.9930537680638,0.0,13.803157812691786,1521.2777838607485,1933.215350595356,122.56351090184535,No Alarm,None,None,Running,Healthy,Healthy,Warning,Healthy,Healthy,Healthy,Healthy
2026-01-06 15:50:00,Evening,10781,1.0332003121074809,81.50163190732528,0.0,13.18102021067754,1519.2831588859474,1948.023161568911,125.45056222919467,No Alarm,None,None,Running,Fault,Healthy,Healthy,Warning,Healthy,Healthy,Healthy
2026-01-06 16:00:00,Evening,10529,1.0759407435530028,81.30849305065107,0.0,12.758320686236715,1527.572268684399,1942.565070464135,124.46973310879604,No Alarm,None,None,Running,Healthy,Healthy,Healthy,Healthy,Healthy,Healthy,Healthy
2026-01-06 16:10:00,Evening,10543,1.080505331200017,80.94153393777096,0.0,12.45768879722648,1523.5886896671161,1942.8660645266234,122.51673804671569,No Alarm,None,None,Running,Healthy,Healthy,Healthy,Healthy,Healthy,Healthy,Healthy
2026-01-06 16:20:00,Evening,10144,1.1424516684119046,81.09551276099894,0.0,13.782207938820733,1524.0718431974828,1950.2650325451907,120.61490491702514,No Alarm,None,None,Running,Healthy,Healthy,Healthy,Healthy,Healthy,Healthy,Healthy
2026-01-06 16:30:00,Evening,10161,1.121168537937343,80.8921317765741,0.0,14.410048821107827,1521.21251962576,1928.9444396609879,123.2682338165242,No Alarm,None,None,Running,Healthy,Healthy,Healthy,Healthy,Healthy,Healthy,Healthy
2026-01-06 16:40:00,Evening,10391,1.1006745452700384,80.58153773699553,0.0,14.241495806498255,1524.7861447192074,1931.9359492322756,120.3970494213589,No Alarm,None,None,Running,Healthy,Healthy,Healthy,Healthy,Healthy,Healthy,Healthy
2026-01-06 16:50:00,Evening,10389,1.113937104802715,80.67673148625033,0.0,12.966654215866633,1522.0473328089943,1936.4231018875344,118.91258911201899,No Alarm,None,None,Running,Healthy,Healthy,Healthy,Healthy,Healthy,Healthy,Healthy
2026-01-06 17:00:00,Evening,10452,1.114076466808109,80.7632859995828,0.0,13.23918627787361,1522.2880202660822,1929.296397736567,117.5245743736352,No Alarm,None,None,Running,Fault,Healthy,Warning,Healthy,Healthy,Healthy,Healthy
2026-01-06 17:10:00,Evening,10135,1.113054225151442,80.26355172031144,0.0,13.406912834234436,1524.5018598077486,1938.5770494273622,118.26784473168138,No Alarm,None,None,Running,Healthy,Healthy,Healthy,Healthy,Healthy,Healthy,Healthy
2026-01-06 17:20:00,Evening,10899,1.0931555953475085,80.13047174497162,13.0,13.414331399657085,1518.8599059690623,1929.170261366581,116.71088604305211,Water Flow Alarm,Low,Electrical,Stopped,Healthy,Healthy,Healthy,Healthy,Healthy,Healthy,Warning
2026-01-06 17:30:00,Evening,10363,1.127658823122708,79.78828911824345,10.0,13.142299707436994,1526.863187636278,1920.9504324502032,117.13793830987893,Mold Level Low,High,Mechanical,Stopped,Warning,Healthy,Healthy,Healthy,Healthy,Healthy,Healthy
2026-01-06 17:40:00,Evening,10817,1.1164243537613596,80.36577161969163,0.0,12.959868185718904,1523.2451366823693,1927.5097525492145,118.2286144681922,No Alarm,None,None,Running,Healthy,Healthy,Healthy,Healthy,Healthy,Healthy,Healthy
2026-01-06 17:50:00,Evening,10401,1.107949293784911,80.30325213828577,0.0,13.274081464826098,1525.8906009738243,1926.3192909441002,116.36146902692286,No Alarm,None,None,Running,Healthy,Healthy,Healthy,Healthy,Warning,Healthy,Warning
2026-01-06 18:00:00,Evening,10473,1.1674608854490756,80.05283744665866,0.0,14.653638753470947,1519.8795512694683,1930.2961618486659,116.74726046769511,No Alarm,None,None,Running,Healthy,Healthy,Healthy,Healthy,Healthy,Healthy,Healthy
2026-01-06 18:10:00,Evening,10113,1.170521087288243,80.22156831602405,0.0,13.805097553275594,1520.1211317498248,1923.7245782264117,114.9976710662166,No Alarm,None,None,Running,Healthy,Healthy,Healthy,Healthy,Healthy,Healthy,Healthy
2026-01-06 18:20:00,Evening,10677,1.11181373711852,79.74711572308347,0.0,13.816609257001263,1519.3666691623478,1921.937937431798,115.53042861796669,No Alarm,None,None,Running,Healthy,Healthy,Healthy,Healthy,Healthy,Healthy,Healthy
2026-01-06 18:30:00,Evening,10060,1.1683186734950313,79.74724065283226,0.0,15.34497038998716,1522.7213642920528,1918.3993394793313,117.38929966263554,No Alarm,None,None,Running,Healthy,Healthy,Healthy,Healthy,Healthy,Healthy,Healthy
2026-01-06 18:40:00,Evening,10748,1.2083866230147113,79.59328140472667,0.0,14.193586971494435,1522.067043404281,1911.8491049152103,114.34714518234955,No Alarm,None,None,Running,Healthy,Healthy,Healthy,Healthy,Healthy,Healthy,Healthy
2026-01-06 18:50:00,Evening,10882,1.2167206740028715,79.32010688838717,0.0,15.064496394148517,1520.530269022165,1905.0836781781968,114.96005670849054,No Alarm,None,None,Running,Warning,Healthy,Healthy,Healthy,Healthy,Healthy,Healthy
2026-01-06 19:00:00,Evening,10362,1.2220396235235351,79.03383524410741,0.0,15.99282500766973,1518.9286142471226,1910.534642029379,112.40848837537324,No Alarm,None,None,Running,Healthy,Healthy,Healthy,Healthy,Healthy,Healthy,Healthy
2026-01-06 19:10:00,Evening,10888,1.1986251439745637,80.02649804447746,0.0,14.69002642642738,1518.0536291123035,1902.9329039182062,115.95670925828233,No Alarm,None,None,Running,Healthy,Healthy,Healthy,Healthy,Healthy,Healthy,Healthy
2026-01-06 19:20:00,Evening,10699,1.1781531805984564,78.86069258677144,0.0,14.325345973879811,1520.8396955326582,1916.4655794866173,113.46402012172591,No Alarm,None,None,Running,Healthy,Healthy,Healthy,Healthy,Healthy,Healthy,Healthy
2026-01-06 19:30:00,Evening,10003,1.1768752732855734,78.68241046125111,6.0,15.5253879860842,1519.5228246732374,1911.020460438183,115.26097826278976,Roller Jam,Medium,Process,Stopped,Healthy,Healthy,Healthy,Healthy,Warning,Healthy,Healthy
2026-01-06 19:40:00,Evening,10203,1.2254228391971183,79.03695008539577,0.0,15.103444034683895,1518.6844464622554,1902.680461374474,113.8761379750829,No Alarm,None,None,Running,Healthy,Warning,Healthy,Healthy,Healthy,Healthy,Healthy
2026-01-06 19:50:00,Evening,10642,1.2319607200156857,78.88656139502268,0.0,16.172655517839967,1523.96436663103,1897.9908139301115,114.84117668802683,No Alarm,None,None,Running,Fault,Healthy,Healthy,Healthy,Healthy,Healthy,Healthy
2026-01-06 20:00:00,Evening,10702,1.2644820886242285,78.1548034124929,0.0,16.106301881591897,1519.57626873976,1891.627114136176,115.05470157854116,No Alarm,None,None,Running,Healthy,Healthy,Healthy,Healthy,Healthy,Healthy,Healthy
2026-01-06 20:10:00,Evening,10094,1.263907298838759,79.10559824642179,0.0,15.5588499784476,1522.630677572723,1879.6435775922944,113.90622070272623,No Alarm,None,None,Running,Warning,Healthy,Healthy,Healthy,Healthy,Warning,Healthy
2026-01-06 20:20:00,Evening,10685,1.2317371521361482,78.56798030364382,0.0,15.732497773120125,1517.7847904786838,1885.450586690508,116.01456154453335,No Alarm,None,None,Running,Healthy,Healthy,Healthy,Healthy,Healthy,Healthy,Healthy
2026-01-06 20:30:00,Evening,10811,1.202909487442416,78.12009421226196,0.0,15.260683252722426,1519.3819196846055,1885.495518614183,114.10152984174515,No Alarm,None,None,Running,Healthy,Healthy,Healthy,Healthy,Healthy,Healthy,Healthy
2026-01-06 20:40:00,Evening,10092,1.2349156843634728,79.00875202649739,0.0,16.15106402924514,1518.273923990116,1884.092368501327,116.30370593248509,No Alarm,None,None,Running,Healthy,Healthy,Healthy,Healthy,Healthy,Healthy,Healthy
2026-01-06 20:50:00,Evening,10880,1.2549674792315813,78.76246029115832,0.0,15.303251613889252,1513.8026635547872,1883.6642358348643,115.30607128774847,No Alarm,None,None,Running,Healthy,Warning,Healthy,Healthy,Healthy,Healthy,Healthy
2026-01-06 21:00:00,Evening,10534,1.2460459255824121,77.99565098316887,0.0,15.604418316527285,1521.244055180447,1885.019079628957,116.64014157271174,No Alarm,None,None,Running,Warning,Healthy,Healthy,Healthy,Healthy,Healthy,Healthy
2026-01-06 21:10:00,Evening,10617,1.2381144108536815,79.21201908635865,6.0,15.433369159947771,1516.955133852055,1869.9510021076974,116.15039662088614,Roller Jam,Critical,Process,Stopped,Healthy,Healthy,Warning,Healthy,Healthy,Healthy,Healthy
2026-01-06 21:20:00,Evening,10051,1.2660552066271016,78.77474575442425,0.0,16.31859378198662,1518.7731405230736,1867.97232729546,117.28180024953369,No Alarm,None,None,Running,Healthy,Healthy,Healthy,Healthy,Healthy,Healthy,Healthy
2026-01-06 21:30:00,Evening,10614,1.2460326642932054,78.5275619387178,14.0,14.857782867554144,1514.6363335279534,1883.1104974235511,116.47699605952269,Hydraulic Pressure Drop,Critical,Process,Stopped,Fault,Healthy,Healthy,Healthy,Healthy,Healthy,Healthy
2026-01-06 21:40:00,Evening,10455,1.2446491767419166,79.19833252723548,0.0,16.269998643040456,1515.7098145166672,1875.864812102167,118.6308114146045,No Alarm,None,None,Running,Healthy,Healthy,Healthy,Healthy,Healthy,Healthy,Healthy
2026-01-06 21:50:00,Evening,10372,1.2748243157288868,78.66654737154764,0.0,16.261734087130375,1513.5575104779286,1864.8987375609067,118.97053165517765,No Alarm,None,None,Running,Healthy,Healthy,Healthy,Healthy,Healthy,Healthy,Healthy
2026-01-06 22:00:00,Night,10781,1.255054194396577,78.64187524892445,0.0,14.766329878414151,1518.4155422657072,1865.637220362501,118.86390112828029,No Alarm,None,None,Running,Healthy,Healthy,Healthy,Healthy,Healthy,Healthy,Healthy
2026-01-06 22:10:00,Night,10250,1.2757089746538284,78.44861665524594,0.0,16.792146161009207,1515.7041604128817,1864.292059125005,120.04550605490844,No Alarm,None,None,Running,Healthy,Healthy,Healthy,Healthy,Healthy,Healthy,Healthy
2026-01-06 22:20:00,Night,10060,1.277488540418624,79.01403925650185,0.0,17.532471911791212,1515.443547715075,1864.1402171515626,120.870684740429,No Alarm,None,None,Running,Warning,Healthy,Warning,Healthy,Healthy,Healthy,Healthy
2026-01-06 22:30:00,Night,10500,1.235648034656665,79.04896095110873,0.0,16.1468842118929,1517.522836088608,1866.6033823988123,120.56149777955974,No Alarm,None,None,Running,Healthy,Healthy,Healthy,Healthy,Healthy,Healthy,Healthy
2026-01-06 22:40:00,Night,10744,1.2555624025743877,78.94913625141125,0.0,16.693419369238374,1516.62187189181,1882.201327849377,121.72486240372291,No Alarm,None,None,Running,Healthy,Healthy,Healthy,Healthy,Healthy,Healthy,Healthy
2026-01-06 22:50:00,Night,10134,1.3129314020907525,78.7195482824704,0.0,16.47140249325622,1515.251189711123,1862.7080822029693,121.23217874591882,No Alarm,None,None,Running,Healthy,Healthy,Healthy,Healthy,Healthy,Healthy,Healthy
2026-01-06 23:00:00,Night,10985,1.2343645140005701,79.18648713848361,0.0,14.266502981190168,1509.3944842753422,1865.9318836317266,125.78882100829257,No Alarm,None,None,Running,Healthy,Healthy,Healthy,Healthy,Healthy,Healthy,Healthy
2026-01-06 23:10:00,Night,10673,1.2047881817818893,79.21157488906101,5.0,13.768967956456349,1510.8257010414472,1846.7552615941577,124.75026940130556,Hydraulic Pressure Drop,Medium,Mechanical,Stopped,Healthy,Healthy,Healthy,Healthy,Healthy,Warning,Healthy
2026-01-06 23:20:00,Night,10935,1.2111283845636178,78.81636211569236,0.0,15.317662237752653,1509.677361182237,1856.1604663551666,124.27766129796815,No Alarm,None,None,Running,Healthy,Healthy,Healthy,Healthy,Healthy,Healthy,Healthy
2026-01-06 23:30:00,Night,10471,1.2661919934006551,78.87579734207995,0.0,15.413014752097203,1513.635129269611,1869.840313087388,125.78763866789103,No Alarm,None,None,Running,Healthy,Healthy,Healthy,Healthy,Healthy,Healthy,Healthy
2026-01-06 23:40:00,Night,10124,1.26422533882292,79.80907051735,0.0,15.162613340457355,1511.8800960075725,1863.376111400058,122.39338043208339,No Alarm,None,None,Running,Healthy,Healthy,Warning,Healthy,Warning,Healthy,Healthy
2026-01-06 23:50:00,Night,10178,1.2573990255968626,78.6636348172989,0.0,15.67356514118271,1507.6232206743896,1825.3694786048052,122.03900285796531,No Alarm,None,None,Running,Healthy,Healthy,Healthy,Healthy,Healthy,Healthy,Healthy
2026-01-07 00:00:00,Night,10501,1.294640296585712,79.90998699010972,0.0,16.613913408824303,1510.2834260454702,1866.3749566755923,124.91776477739563,No Alarm,None,None,Running,Healthy,Healthy,Healthy,Healthy,Healthy,Healthy,Healthy
2026-01-07 00:10:00,Night,10589,1.1749829093940976,79.76121717559143,0.0,13.670356084692717,1506.6864001311847,1877.0018076774677,123.97740840608246,No Alarm,None,None,Running,Fault,Healthy,Healthy,Healthy,Healthy,Healthy,Healthy
2026-01-07 00:20:00,Night,10735,1.2636747903517787,80.60070667533037,0.0,15.481720545200965,1509.9666275560219,1846.5333057761175,125.52626013726311,No Alarm,None,None,Running,Healthy,Healthy,Healthy,Healthy,Healthy,Healthy,Healthy
2026-01-07 00:30:00,Night,10796,1.294954645131437,80.004441138034,0.0,17.243842542327183,1505.651173972881,1875.6663442456033,126.17742265793163,No Alarm,None,None,Running,Healthy,Healthy,Healthy,Healthy,Healthy,Healthy,Healthy
2026-01-07 00:40:00,Night,10763,1.2102900656963556,80.58864172116712,0.0,14.375923955049482,1510.81478369636,1842.5083863699379,127.09632306843565,No Alarm,None,None,Running,Healthy,Healthy,Healthy,Healthy,Healthy,Healthy,Healthy
2026-01-07 00:50:00,Night,10589,1.2284508529711828,80.28684752879613,0.0,15.964468493155255,1510.1544966024876,1873.5177132855865,124.62723152904117,No Alarm,None,None,Running,Healthy,Healthy,Healthy,Healthy,Healthy,Healthy,Healthy
2026-01-07 01:00:00,Night,10019,1.212702622272486,80.6087846117394,0.0,14.819471245321779,1513.7108093545926,1867.4252172167378,126.4141462164642,No Alarm,None,None,Running,Healthy,Healthy,Warning,Healthy,Healthy,Healthy,Healthy
2026-01-07 01:10:00,Night,10530,1.203640158743468,80.97178280713837,0.0,15.427557616188317,1510.8071139279903,1850.3197368089986,125.83400165225436,No Alarm,None,None,Running,Healthy,Healthy,Healthy,Healthy,Healthy,Warning,Healthy
2026-01-07 01:20:00,Night,10820,1.215615538320503,80.60108974936624,0.0,15.963323484048294,1507.392415783429,1874.4509052680762,126.05777093621504,No Alarm,None,None,Running,Warning,Healthy,Healthy,Healthy,Healthy,Healthy,Healthy
2026-01-07 01:30:00,Night,10848,1.2629281486401294,81.2883418779375,0.0,16.305499094891132,1510.2735197100228,1881.9801830489314,124.78469856023708,No Alarm,None,None,Running,Warning,Healthy,Healthy,Healthy,Healthy,Healthy,Healthy
2026-01-07 01:40:00,Night,10835,1.2697090685920465,80.58967362571056,15.0,16.507775078950296,1504.5297534405227,1877.697185503117,126.78181301199741,Mold Level Low,Critical,Mechanical,Stopped,Healthy,Healthy,Healthy,Healthy,Healthy,Healthy,Healthy
2026-01-07 01:50:00,Night,10011,1.1987938770023359,81.195571504604,0.0,14.17880798914363,1505.4307368837992,1881.589355312186,124.66028857015866,No Alarm,None,None,Running,Healthy,Healthy,Healthy,Healthy,Healthy,Healthy,Healthy
2026-01-07 02:00:00,Night,10436,1.2601267884617113,81.52989191145198,13.0,16.5311466504903,1508.5006839468626,1875.844551017811,126.52816058864427,Roller Jam,Critical,Mechanical,Stopped,Healthy,Healthy,Healthy,Healthy,Healthy,Healthy,Healthy
2026-01-07 02:10:00,Night,10617,1.1979817436534876,81.49989597660279,0.0,14.37788661542422,1502.1214392959148,1866.566753417999,123.02136373628046,No Alarm,None,None,Running,Healthy,Healthy,Warning,Warning,Healthy,Healthy,Healthy
2026-01-07 02:20:00,Night,10248,1.2433198870043638,82.0689263469048,0.0,15.723177823454625,1507.2921007708896,1889.395074124385,124.39224589859045,No Alarm,None,None,Running,Healthy,Healthy,Healthy,Warning,Healthy,Healthy,Healthy
2026-01-07 02:30:00,Night,10410,1.181579290342188,81.05440123216027,0.0,14.950513460175408,1504.721317310721,1900.3321898370564,122.92529451706234,No Alarm,None,None,Running,Healthy,Healthy,Healthy,Warning,Healthy,Healthy,Healthy
2026-01-07 02:40:00,Night,10098,1.1818729998200372,80.85610838924363,0.0,15.112998288959172,1507.431532023163,1897.9055164326385,122.06970539570453,No Alarm,None,None,Running,Healthy,Healthy,Warning,Healthy,Healthy,Healthy,Healthy
2026-01-07 02:50:00,Night,10194,1.1823822981308512,81.04825466598817,0.0,15.015648399877772,1504.4097625999802,1875.5500274498786,122.66326486140707,No Alarm,None,None,Running,Healthy,Healthy,Healthy,Healthy,Healthy,Healthy,Healthy
2026-01-07 03:00:00,Night,10006,1.260194385110453,81.73835057710842,0.0,15.161762828913355,1508.1102985777136,1881.9560157650471,120.96793943586258,No Alarm,None,None,Running,Healthy,Healthy,Healthy,Healthy,Healthy,Healthy,Healthy
2026-01-07 03:10:00,Night,10980,1.1837322966997406,81.69129617197844,0.0,13.851746520139756,1507.0634431961887,1889.9558888462734,117.54179194244782,No Alarm,None,None,Running,Healthy,Healthy,Healthy,Healthy,Healthy,Healthy,Healthy
2026-01-07 03:20:00,Night,10860,1.1303154654961614,81.5406271120036,0.0,14.739587394675254,1510.5014438621329,1886.6428431769016,116.46255596444541,No Alarm,None,None,Running,Healthy,Healthy,Healthy,Healthy,Healthy,Healthy,Healthy
2026-01-07 03:30:00,Night,10404,1.1739382779400742,81.04773035092484,0.0,14.804312678514169,1507.0227643493743,1902.4059071548763,121.06537284228848,No Alarm,None,None,Running,Healthy,Healthy,Healthy,Healthy,Healthy,Healthy,Healthy
2026-01-07 03:40:00,Night,10005,1.1273641405342405,81.79045959433714,0.0,14.89661554534848,1505.1097009626396,1907.8563369055241,120.41985642976411,No Alarm,None,None,Running,Healthy,Warning,Healthy,Healthy,Healthy,Healthy,Healthy
2026-01-07 03:50:00,Night,10336,1.1169137373747138,80.97033267345455,0.0,13.930108663252415,1506.459390876446,1895.9026856787063,120.62399118252645,No Alarm,None,None,Running,Healthy,Healthy,Healthy,Healthy,Healthy,Healthy,Healthy
2026-01-07 04:00:00,Night,10435,1.1523081661288026,81.89016181283232,0.0,13.42023702413616,1503.7811164242291,1916.1648100234863,117.77017842639536,No Alarm,None,None,Running,Healthy,Healthy,Healthy,Healthy,Healthy,Healthy,Healthy
2026-01-07 04:10:00,Night,10170,1.1195035614174988,82.52602365698566,0.0,14.67008529442161,1508.2417940932298,1917.315488312607,115.69415031557834,No Alarm,None,None,Running,Healthy,Warning,Healthy,Healthy,Healthy,Healthy,Healthy
2026-01-07 04:20:00,Night,10662,1.1205461178308544,81.47649610908277,0.0,13.747567046122906,1508.8052499361722,1910.6246936157438,116.22343515157449,No Alarm,None,None,Running,Healthy,Healthy,Healthy,Healthy,Healthy,Warning,Healthy
2026-01-07 04:30:00,Night,10998,1.1063429147598558,81.50079608548702,0.0,14.068688854692912,1513.6269572210995,1916.066414322041,116.25497224189657,No Alarm,None,None,Running,Healthy,Warning,Healthy,Healthy,Healthy,Healthy,Healthy
2026-01-07 04:40:00,Night,10844,1.1098913736427947,80.99924874705016,0.0,13.420420570599271,1506.0415811141183,1904.2072927135882,114.5847000744228,No Alarm,None,None,Running,Warning,Healthy,Healthy,Healthy,Healthy,Healthy,Healthy
2026-01-07 04:50:00,Night,10857,1.1065682958182874,80.39284367415536,0.0,14.983114894892177,1507.0873943341371,1919.418724031814,117.36535222636627,No Alarm,None,None,Running,Healthy,Healthy,Healthy,Healthy,Healthy,Healthy,Healthy
2026-01-07 05:00:00,Night,10831,1.0299091025350686,80.78862564160107,0.0,12.26026840476012,1506.496298160861,1924.3089373678165,117.71447357568097,No Alarm,None,None,Running,Healthy,Healthy,Healthy,Healthy,Healthy,Healthy,Healthy
2026-01-07 05:10:00,Night,10070,1.10240533512542,80.49819302441767,0.0,13.543865861193426,1508.662449513217,1927.6651373960335,115.29070239382334,No Alarm,None,None,Running,Healthy,Healthy,Healthy,Warning,Healthy,Healthy,Healthy
2026-01-07 05:20:00,Night,10552,1.0475461801774104,80.25569528853667,0.0,13.16954134410575,1509.3000283951703,1931.2945580488094,114.4462128219378,No Alarm,None,None,Running,Healthy,Healthy,Healthy,Healthy,Healthy,Healthy,Healthy
2026-01-07 05:30:00,Night,10566,1.0285616262415196,81.41679532814435,0.0,12.092492699058125,1508.4426337758953,1932.0402935888235,112.70313405812094,No Alarm,None,None,Running,Healthy,Healthy,Healthy,Healthy,Healthy,Healthy,Healthy
2026-01-07 05:40:00,Night,10101,1.0651433020608143,80.72529899192091,0.0,13.545654945771494,1511.5382109844097,1929.6607593187514,115.9680414360725,No Alarm,None,None,Running,Warning,Healthy,Healthy,Healthy,Healthy,Healthy,Warning
2026-01-07 05:50:00,Night,10148,1.0647365375203421,80.65205527881618,0.0,14.43754405323152,1507.5417135303862,1935.6130455048387,114.11794300685031,No Alarm,None,None,Running,Healthy,Healthy,Healthy,Healthy,Healthy,Healthy,Healthy
2026-01-07 06:00:00,Morning,10566,1.0370042557039914,80.25712609806455,0.0,12.619229683814295,1511.8261500204128,1942.7396694416989,113.65311811692735,No Alarm,None,None,Running,Healthy,Healthy,Healthy,Healthy,Healthy,Healthy,Healthy
2026-01-07 06:10:00,Morning,10716,1.0786171951785943,80.18949894511066,0.0,13.759314913054636,1510.997607421567,1935.2050873067665,114.61121372629293,No Alarm,None,None,Running,Healthy,Healthy,Healthy,Healthy,Healthy,Warning,Healthy
2026-01-07 06:20:00,Morning,10210,1.00959497150878,80.5205848617861,0.0,10.69533237363276,1509.92530468201,1939.595686075754,113.42425266003767,No Alarm,None,None,Running,Healthy,Healthy,Healthy,Healthy,Healthy,Healthy,Healthy
2026-01-07 06:30:00,Morning,10485,1.0341348949770808,79.99701162847732,0.0,12.89943574687412,1509.4846634982657,1936.486785926155,114.45533838809533,No Alarm,None,None,Running,Healthy,Healthy,Healthy,Healthy,Healthy,Healthy,Healthy
2026-01-07 06:40:00,Morning,10076,1.0255998104270763,80.09733690544407,0.0,12.600868030190108,1516.6671176403456,1933.5545901683606,112.75727110467871,No Alarm,None,None,Running,Healthy,Healthy,Healthy,Healthy,Healthy,Healthy,Healthy
2026-01-07 06:50:00,Morning,10111,1.0388809547741902,79.68256820265664,0.0,12.413063612990108,1508.8973663481697,1943.492142265261,116.05695086878599,No Alarm,None,None,Running,Healthy,Healthy,Healthy,Healthy,Healthy,Healthy,Healthy
2026-01-07 07:00:00,Morning,10581,1.0461155991216322,79.50167832777502,0.0,13.833460317760375,1512.0343088145503,1935.2730983700199,114.94379973085225,No Alarm,None,None,Running,Warning,Healthy,Warning,Healthy,Warning,Healthy,Healthy
2026-01-07 07:10:00,Morning,10558,1.0053303423265956,78.95585207027952,0.0,12.338258701945765,1509.7727904715448,1943.033436796434,116.8255687445084,No Alarm,None,None,Running,Healthy,Warning,Healthy,Healthy,Healthy,Healthy,Healthy
2026-01-07 07:20:00,Morning,10751,1.0554661684087736,78.61093736229151,0.0,13.069092864144158,1516.4796297028442,1940.222195916318,115.60517092382861,No Alarm,None,None,Running,Healthy,Healthy,Healthy,Healthy,Healthy,Healthy,Healthy
2026-01-07 07:30:00,Morning,10911,1.0341570584176691,79.18498159592882,0.0,12.662928217868513,1514.6073428385946,1937.4388720356014,116.13612136813778,No Alarm,None,None,Running,Warning,Healthy,Healthy,Healthy,Healthy,Healthy,Healthy
2026-01-07 07:40:00,Morning,10190,0.9744011790959448,79.20470483720972,0.0,10.838243628463756,1511.0756244531408,1936.9422673614959,115.33478034926715,No Alarm,None,None,Running,Warning,Healthy,Healthy,Healthy,Healthy,Healthy,Warning
2026-01-07 07:50:00,Morning,10342,0.9716610999422198,78.56583048194528,0.0,11.353373241223876,1514.439778859012,1935.0237126165023,118.22334751800612,No Alarm,None,None,Running,Warning,Healthy,Healthy,Healthy,Healthy,Healthy,Healthy
2026-01-07 08:00:00,Morning,10856,1.029677523552054,78.97105211865518,0.0,13.543734484684826,1514.1939262162339,1925.2698785811126,116.80957030567889,No Alarm,None,None,Running,Healthy,Healthy,Healthy,Healthy,Healthy,Healthy,Healthy
2026-01-07 08:10:00,Morning,10051,1.0234164717722418,78.91794828704191,0.0,11.315740444337044,1512.653145573123,1940.6762914348735,117.847186897712,No Alarm,None,None,Running,Healthy,Healthy,Healthy,Healthy,Healthy,Healthy,Healthy
2026-01-07 08:20:00,Morning,10829,1.0273114116156374,77.95330838337578,0.0,12.304971900464473,1516.237776267867,1938.475240427348,119.01814385491139,No Alarm,None,None,Running,Healthy,Healthy,Healthy,Healthy,Healthy,Healthy,Healthy
2026-01-07 08:30:00,Morning,10946,1.0303120626687954,78.37714551277222,0.0,12.599096743957107,1515.7149311924927,1942.2672549793172,119.75817267590878,No Alarm,None,None,Running,Fault,Healthy,Healthy,Warning,Healthy,Healthy,Warning
2026-01-07 08:40:00,Morning,10100,1.0390225748015842,78.84230748506079,0.0,14.208317492123898,1515.6808621855582,1929.9076792851786,118.16507348814065,No Alarm,None,None,Running,Healthy,Healthy,Warning,Healthy,Healthy,Healthy,Healthy
2026-01-07 08:50:00,Morning,10142,1.0621528257913662,78.77959748431581,9.0,13.814932958239535,1515.4364098440988,1947.8600820079168,120.53298680989799,Hydraulic Pressure Drop,Low,Process,Stopped,Healthy,Healthy,Healthy,Healthy,Healthy,Healthy,Healthy
2026-01-07 09:00:00,Morning,10685,1.0022165346413365,78.11822074615007,0.0,12.137687314079537,1517.017086334116,1928.0515376782519,122.35370135181891,No Alarm,None,None,Running,Healthy,Healthy,Healthy,Healthy,Healthy,Healthy,Healthy
2026-01-07 09:10:00,Morning,10476,1.0025700289330237,78.60784420541847,0.0,13.445284949643682,1516.9088121007596,1922.3428363254818,121.52090809607522,No Alarm,None,None,Running,Healthy,Healthy,Warning,Healthy,Healthy,Healthy,Healthy
2026-01-07 09:20:00,Morning,10988,1.0074553818062464,78.92830418180357,0.0,12.074831198227296,1516.8756314620682,1919.5181540972621,122.26099159525998,No Alarm,None,None,Running,Healthy,Healthy,Healthy,Healthy,Healthy,Healthy,Healthy
2026-01-07 09:30:00,Morning,10545,1.051787150105414,78.81532318477974,0.0,13.853709238931478,1515.5135946765624,1911.5981410597283,123.25602730902185,No Alarm,None,None,Running,Fault,Healthy,Healthy,Healthy,Healthy,Healthy,Healthy
2026-01-07 09:40:00,Morning,10656,1.0836624167840698,78.46191184551482,0.0,12.59456613765476,1521.733497171358,1935.6192743052623,123.40987197716744,No Alarm,None,None,Running,Healthy,Healthy,Healthy,Healthy,Healthy,Healthy,Healthy
2026-01-07 09:50:00,Morning,10238,1.036888093843629,78.31877825246221,0.0,13.71238165529777,1515.2497324115743,1932.1117451672917,122.78870976192398,No Alarm,None,None,Running,Healthy,Healthy,Healthy,Warning,Healthy,Healthy,Healthy
2026-01-07 10:00:00,Morning,10325,0.978600655705396,78.27054281556383,0.0,11.948214644487761,1519.314385559642,1923.6401872130934,124.40579713452969,No Alarm,None,None,Running,Healthy,Healthy,Healthy,Healthy,Healthy,Healthy,Healthy
2026-01-07 10:10:00,Morning,10178,1.0066525341621253,78.73597635693211,0.0,11.863203708367678,1517.8060943517723,1909.27285864422,126.02192734632877,No Alarm,None,None,Running,Healthy,Healthy,Healthy,Healthy,Healthy,Healthy,Healthy
2026-01-07 10:20:00,Morning,10147,1.0371864674942421,78.6635294783559,0.0,12.812830314524607,1523.3579507140441,1928.4660071751384,123.89900529815421,No Alarm,None,None,Running,Healthy,Healthy,Healthy,Healthy,Healthy,Healthy,Healthy
2026-01-07 10:30:00,Morning,10114,1.0501219388671001,78.88370625434906,0.0,13.320665161642902,1517.042866885756,1908.6343170900968,124.99085388483438,No Alarm,None,None,Running,Warning,Healthy,Healthy,Healthy,Healthy,Healthy,Healthy
2026-01-07 10:40:00,Morning,10893,1.0595349410479322,78.74064582769272,0.0,12.897862861731154,1517.7951540699532,1906.7172069210199,124.00773327947465,No Alarm,None,None,Running,Healthy,Healthy,Healthy,Healthy,Healthy,Healthy,Healthy
2026-01-07 10:50:00,Morning,10070,1.0781181652298188,79.08046009252232,0.0,13.864244519569462,1517.5289251941597,1917.7494243847095,126.96419821443791,No Alarm,None,None,Running,Healthy,Healthy,Healthy,Healthy,Healthy,Healthy,Healthy
2026-01-07 11:00:00,Morning,10517,1.0730078451564977,78.86450476317776,0.0,13.004502345891373,1521.0699100114875,1908.8768010907056,125.83426223751975,No Alarm,None,None,Running,Healthy,Warning,Healthy,Warning,Healthy,Healthy,Healthy
2026-01-07 11:10:00,Morning,10509,1.1194486379556912,79.22239990041597,0.0,14.42736865019809,1517.1232473885304,1918.5524876152613,124.97600334233945,No Alarm,None,None,Running,Healthy,Healthy,Healthy,Healthy,Healthy,Healthy,Healthy
2026-01-07 11:20:00,Morning,10056,1.0734875511919344,79.34628549226792,0.0,13.7281498333248,1519.6402926622484,1900.267394175687,126.09819996279056,No Alarm,None,None,Running,Healthy,Healthy,Healthy,Healthy,Healthy,Healthy,Healthy
2026-01-07 11:30:00,Morning,10843,1.073871663005357,78.7725323123542,0.0,13.38074964927141,1515.7218507086,1892.4429754892221,124.47457439131836,No Alarm,None,None,Running,Healthy,Healthy,Healthy,Healthy,Healthy,Healthy,Healthy
2026-01-07 11:40:00,Morning,10501,1.120235679227097,78.47375757219771,0.0,13.69397837168255,1521.9547162827428,1888.085851525753,124.55097377920627,No Alarm,None,None,Running,Healthy,Healthy,Healthy,Healthy,Healthy,Healthy,Healthy
2026-01-07 11:50:00,Morning,10127,1.066064532742093,79.92265761698098,0.0,13.43188521631185,1520.3381425338991,1875.5965770385942,123.85341850838599,No Alarm,None,None,Running,Healthy,Healthy,Warning,Healthy,Healthy,Healthy,Healthy
2026-01-07 12:00:00,Morning,10129,1.1302057687151286,79.52099103917075,0.0,14.512749729062696,1518.0870863364432,1885.5788089734617,124.08384489653447,No Alarm,None,None,Running,Healthy,Healthy,Healthy,Healthy,Warning,Healthy,Healthy
2026-01-07 12:10:00,Morning,10701,1.1280699866634876,78.84963731596352,13.0,15.544134240205722,1524.7227856938364,1894.4535190543231,126.69759120491821,Water Flow Alarm,Critical,Electrical,Stopped,Healthy,Healthy,Healthy,Healthy,Healthy,Healthy,Healthy
2026-01-07 12:20:00,Morning,10620,1.1271256510928227,79.37023230491627,0.0,14.74666493391901,1518.9236106751944,1887.6419663919596,123.84320459385997,No Alarm,None,None,Running,Healthy,Healthy,Healthy,Healthy,Healthy,Healthy,Healthy
2026-01-07 12:30:00,Morning,10413,1.1858096767578683,80.08722742212541,0.0,15.505813924344444,1524.3511746821057,1880.6444659815663,124.88938710471884,No Alarm,None,None,Running,Healthy,Healthy,Healthy,Healthy,Healthy,Healthy,Healthy
2026-01-07 12:40:00,Morning,10406,1.1261441674494885,79.79086203332528,0.0,16.238760629520804,1520.753857726699,1870.239949831385,122.89006252076845,No Alarm,None,None,Running,Healthy,Healthy,Healthy,Healthy,Healthy,Healthy,Healthy
2026-01-07 12:50:00,Morning,10036,1.2132843463820566,79.82283833475134,0.0,15.527225263513198,1526.6392703208621,1877.8286885411935,124.32986818061764,No Alarm,None,None,Running,Healthy,Healthy,Healthy,Healthy,Healthy,Warning,Healthy
2026-01-07 13:00:00,Morning,10032,1.151372915710984,80.71275379096056,0.0,14.731411904305492,1524.619015934613,1882.037059334301,121.67777694611685,No Alarm,None,None,Running,Healthy,Healthy,Healthy,Healthy,Healthy,Warning,Healthy
2026-01-07 13:10:00,Morning,10536,1.1264607195415495,79.85716660435908,0.0,14.573569546294527,1520.315458805909,1875.4169525862185,122.41773000282403,No Alarm,None,None,Running,Healthy,Healthy,Healthy,Healthy,Healthy,Healthy,Healthy
2026-01-07 13:20:00,Morning,10364,1.1734585755847469,80.07858441275926,0.0,13.961956010497559,1520.6137261328474,1871.4662550530945,121.87197238761988,No Alarm,None,None,Running,Healthy,Healthy,Warning,Healthy,Healthy,Healthy,Healthy
2026-01-07 13:30:00,Morning,10253,1.1455974953890948,80.60140341956283,0.0,14.009237546870557,1524.47133759302,1862.0505834796083,124.02174110383237,No Alarm,None,None,Running,Healthy,Healthy,Healthy,Healthy,Healthy,Healthy,Healthy
2026-01-07 13:40:00,Morning,10380,1.1617699969854571,80.78844672468324,0.0,14.167806475633581,1522.3327816525186,1873.7978460643312,121.39243541608315,No Alarm,None,None,Running,Healthy,Healthy,Healthy,Healthy,Healthy,Healthy,Healthy
2026-01-07 13:50:00,Morning,10606,1.2025655855110364,80.94182970081481,5.0,15.485399602941648,1522.5766054540761,1840.3865324530043,119.32563667060268,Water Flow Alarm,Medium,Process,Stopped,Healthy,Healthy,Healthy,Healthy,Warning,Healthy,Warning
2026-01-07 14:00:00,Evening,10294,1.213528518411526,81.21365667317485,0.0,15.047184286589237,1526.1717978803904,1867.2394513767304,120.26000575583384,No Alarm,None,None,Running,Healthy,Healthy,Warning,Healthy,Healthy,Healthy,Healthy
2026-01-07 14:10:00,Evening,10350,1.1842578982937122,81.02856832913719,0.0,14.899980126503415,1521.0907437067879,1883.6333320267308,121.41019772348244,No Alarm,None,None,Running,Healthy,Warning,Healthy,Healthy,Healthy,Healthy,Healthy
2026-01-07 14:20:00,Evening,10283,1.2384436568352684,81.23827846710334,0.0,16.24176394454478,1523.1420634669507,1850.061908746547,116.30681289928937,No Alarm,None,None,Running,Healthy,Healthy,Healthy,Healthy,Healthy,Healthy,Healthy
2026-01-07 14:30:00,Evening,10667,1.2492638072494757,81.02499363097817,0.0,16.220003107711346,1525.2319812157934,1859.4243335620533,116.68674736830735,No Alarm,None,None,Running,Healthy,Healthy,Healthy,Healthy,Warning,Warning,Healthy
2026-01-07 14:40:00,Evening,10055,1.2631455573270358,81.23207559697977,0.0,15.676114764459074,1524.7801787042595,1860.6900853000834,116.87180192255515,No Alarm,None,None,Running,Healthy,Warning,Healthy,Healthy,Healthy,Healthy,Healthy
2026-01-07 14:50:00,Evening,10919,1.241240668792873,81.31995181963093,0.0,15.046511792096156,1522.2509371436363,1856.6251595884653,116.14234181364372,No Alarm,None,None,Running,Healthy,Healthy,Healthy,Healthy,Healthy,Healthy,Healthy
2026-01-07 15:00:00,Evening,10555,1.271330362463776,81.42405677837667,0.0,16.68632184295443,1521.8011670014444,1868.3655293031638,115.76385189713359,No Alarm,None,None,Running,Healthy,Healthy,Healthy,Healthy,Healthy,Healthy,Healthy
2026-01-07 15:10:00,Evening,10245,1.178824613595372,81.69882641110806,0.0,15.277031496579054,1518.0310512772803,1863.7802375376136,114.15672990297034,No Alarm,None,None,Running,Healthy,Healthy,Healthy,Healthy,Healthy,Healthy,Healthy
2026-01-07 15:20:00,Evening,10760,1.230269390115861,81.65401584719996,0.0,14.253987603641495,1519.5736942995275,1861.3228356107409,117.00795084656518,No Alarm,None,None,Running,Healthy,Healthy,Healthy,Healthy,Healthy,Warning,Healthy
2026-01-07 15:30:00,Evening,10940,1.2180773394864013,81.48185306549117,0.0,15.00675898634422,1522.8283896854205,1866.7636642980738,113.26419722861841,No Alarm,None,None,Running,Healthy,Healthy,Healthy,Healthy,Healthy,Healthy,Healthy
2026-01-07 15:40:00,Evening,10059,1.2516548647835175,81.16256262177761,0.0,15.761546633205702,1521.4883934178245,1860.9765399766363,114.42944097262288,No Alarm,None,None,Running,Healthy,Healthy,Healthy,Healthy,Healthy,Warning,Healthy
2026-01-07 15:50:00,Evening,10205,1.234622571845846,81.5250133180559,8.0,15.977962950057796,1521.8039446691757,1886.9124694436787,115.67632048382718,Water Flow Alarm,Critical,Electrical,Stopped,Healthy,Healthy,Healthy,Healthy,Healthy,Healthy,Healthy
2026-01-07 16:00:00,Evening,10144,1.2501552606701252,81.4880731239128,0.0,16.264011804834404,1523.981750957866,1863.4865134737126,114.19246966347163,No Alarm,None,None,Running,Healthy,Healthy,Healthy,Healthy,Healthy,Warning,Healthy
2026-01-07 16:10:00,Evening,10071,1.3146547671362663,81.56748264839456,0.0,16.63191879002616,1518.1663434043353,1864.8077805620396,112.91845121696616,No Alarm,None,None,Running,Healthy,Healthy,Healthy,Healthy,Healthy,Healthy,Healthy
2026-01-07 16:20:00,Evening,10739,1.2558136192406972,82.3534072246874,0.0,16.107343512459916,1520.2799012315415,1850.6948578826364,112.39935971006962,No Alarm,None,None,Running,Healthy,Healthy,Healthy,Healthy,Healthy,Healthy,Healthy
2026-01-07 16:30:00,Evening,10193,1.2756924630427207,81.2316671164496,0.0,15.991051549698716,1521.0631573830353,1861.32233686174,113.72559020267855,No Alarm,None,None,Running,Healthy,Healthy,Warning,Healthy,Warning,Healthy,Healthy
2026-01-07 16:40:00,Evening,10384,1.2583345583407155,81.57046858372554,0.0,15.257485797532551,1518.5380325799536,1876.2928196802488,113.13690663660864,No Alarm,None,None,Running,Warning,Healthy,Healthy,Healthy,Healthy,Warning,Healthy
2026-01-07 16:50:00,Evening,10815,1.2692422007698692,81.77958717562751,0.0,15.682642435894486,1523.5709343364015,1858.0201089397822,114.39486927662253,No Alarm,None,None,Running,Healthy,Healthy,Healthy,Healthy,Healthy,Healthy,Healthy
2026-01-07 17:00:00,Evening,10612,1.268458538288377,81.33266762587574,0.0,15.869025559252789,1521.9450396793393,1853.1723147396153,112.6285657751113,No Alarm,None,None,Running,Healthy,Healthy,Healthy,Healthy,Healthy,Warning,Healthy
2026-01-07 17:10:00,Evening,10678,1.2826700338094268,82.16089220760952,0.0,16.00909994760482,1520.0685556190128,1872.5516655334043,115.50451475261782,No Alarm,None,None,Running,Healthy,Healthy,Healthy,Healthy,Healthy,Healthy,Healthy
2026-01-07 17:20:00,Evening,10098,1.3047539425573735,80.99831848617737,0.0,14.989523248856738,1523.4875955817502,1885.242563444495,114.94076171589934,No Alarm,None,None,Running,Healthy,Healthy,Healthy,Healthy,Healthy,Healthy,Healthy
2026-01-07 17:30:00,Evening,10971,1.3194212993876164,81.19497167696937,9.0,16.214527907894603,1514.9035688104173,1876.713406687697,115.35507205681496,Hydraulic Pressure Drop,Critical,Process,Stopped,Healthy,Healthy,Healthy,Healthy,Healthy,Healthy,Healthy
2026-01-07 17:40:00,Evening,10083,1.2791225713712417,80.6542215890274,0.0,16.02837609930293,1518.2711570664721,1875.8880734847717,117.2304133365703,No Alarm,None,None,Running,Healthy,Healthy,Healthy,Healthy,Healthy,Healthy,Healthy
2026-01-07 17:50:00,Evening,10710,1.2869851021390202,80.73478369389679,0.0,15.89035478240376,1518.8377564830876,1866.0070580135143,115.39457073353745,No Alarm,None,None,Running,Healthy,Healthy,Healthy,Healthy,Healthy,Healthy,Healthy
2026-01-07 18:00:00,Evening,10640,1.2338693757692913,80.87054124813996,0.0,15.250590540258031,1515.259664471835,1886.8758544008804,115.50851618419867,No Alarm,None,None,Running,Warning,Healthy,Healthy,Healthy,Healthy,Healthy,Healthy
2026-01-07 18:10:00,Evening,10413,1.26449030060896,80.99971256031081,0.0,16.147722717175213,1517.9156126671678,1891.0052643216702,116.21792562716874,No Alarm,None,None,Running,Warning,Healthy,Healthy,Warning,Healthy,Healthy,Healthy
2026-01-07 18:20:00,Evening,10839,1.2937051697730704,80.67446317324864,0.0,15.416044591229335,1514.009735863075,1873.9819105852102,117.17117741027978,No Alarm,None,None,Running,Healthy,Healthy,Healthy,Healthy,Healthy,Healthy,Healthy
2026-01-07 18:30:00,Evening,10893,1.2894890489643462,80.9323102831865,0.0,14.978983562288478,1518.1105116229305,1899.8850033969902,117.8459749985027,No Alarm,None,None,Running,Healthy,Healthy,Healthy,Healthy,Warning,Healthy,Warning
2026-01-07 18:40:00,Evening,10071,1.2675215364048438,80.26954220961761,0.0,15.600300351474875,1518.6331719022842,1899.5481161440664,117.53165080327194,No Alarm,None,None,Running,Healthy,Healthy,Healthy,Healthy,Healthy,Healthy,Healthy
2026-01-07 18:50:00,Evening,10959,1.2850852787634226,80.05139053449295,0.0,16.598446068394036,1516.2714141918898,1905.1241098838568,116.68884385911177,No Alarm,None,None,Running,Healthy,Healthy,Healthy,Healthy,Healthy,Healthy,Healthy
2026-01-07 19:00:00,Evening,10242,1.2702019065603847,81.14130277316177,0.0,17.058810959645456,1510.5591057143595,1903.3942933099406,119.04031661596483,No Alarm,None,None,Running,Healthy,Healthy,Healthy,Healthy,Healthy,Healthy,Healthy
2026-01-07 19:10:00,Evening,10792,1.2881480698996557,80.09244016978866,0.0,16.649340641112016,1512.3741583609528,1906.6217241916809,120.74497076938626,No Alarm,None,None,Running,Healthy,Healthy,Healthy,Healthy,Healthy,Warning,Healthy
2026-01-07 19:20:00,Evening,10821,1.2571644713312593,79.52244176815641,14.0,14.686771259732547,1515.8034811195662,1908.2180141147435,121.07330929943345,Roller Jam,Low,Process,Stopped,Healthy,Healthy,Healthy,Healthy,Healthy,Healthy,Healthy
2026-01-07 19:30:00,Evening,10557,1.233853677770963,79.40933521249578,0.0,15.260513904573298,1514.0467870859072,1913.6420065841219,122.93679364362245,No Alarm,None,None,Running,Healthy,Healthy,Healthy,Healthy,Healthy,Healthy,Healthy
2026-01-07 19:40:00,Evening,10864,1.2503491279139494,79.18894715335901,0.0,15.809008165681437,1506.8633832982716,1894.7564058392784,124.41648027126908,No Alarm,None,None,Running,Healthy,Healthy,Healthy,Healthy,Healthy,Healthy,Healthy
2026-01-07 19:50:00,Evening,10826,1.1478267704352725,79.82263727573947,0.0,14.472148412287419,1516.313568462999,1899.8688857405086,123.53298336214685,No Alarm,None,None,Running,Healthy,Healthy,Healthy,Healthy,Healthy,Healthy,Warning
2026-01-07 20:00:00,Evening,10523,1.2424373095346912,79.18808007978144,0.0,15.907979556243653,1513.16071926449,1908.5074225014475,124.80649803771554,No Alarm,None,None,Running,Healthy,Healthy,Healthy,Healthy,Healthy,Healthy,Healthy
2026-01-07 20:10:00,Evening,10180,1.1164547047186024,79.2752209478115,0.0,13.313749546459997,1510.3894280035827,1915.8110925793749,124.56184433550469,No Alarm,None,None,Running,Warning,Warning,Healthy,Warning,Healthy,Healthy,Healthy
2026-01-07 20:20:00,Evening,10435,1.1689253183957307,79.09470130416138,0.0,14.657026641232154,1514.5489462008431,1922.3340579700562,126.1514493955296,No Alarm,None,None,Running,Healthy,Healthy,Healthy,Healthy,Healthy,Healthy,Healthy
2026-01-07 20:30:00,Evening,10901,1.2286864744292942,79.31463740173206,0.0,15.652806911209469,1509.9994942946742,1924.1202940322546,126.73748820200994,No Alarm,None,None,Running,Healthy,Healthy,Warning,Healthy,Healthy,Healthy,Healthy
2026-01-07 20:40:00,Evening,10203,1.2237625149389613,78.59206592257394,12.0,15.875001104049577,1509.6122660700555,1932.6579438739507,126.02962858448547,Mold Level Low,Critical,Mechanical,Stopped,Healthy,Healthy,Healthy,Warning,Healthy,Healthy,Healthy
2026-01-07 20:50:00,Evening,11000,1.1686835906107462,78.41667872347277,0.0,14.044542166005375,1511.8784946282851,1935.001928288636,126.05881151183219,No Alarm,None,None,Running,Warning,Healthy,Healthy,Warning,Healthy,Healthy,Healthy
2026-01-07 21:00:00,Evening,10182,1.1761479567654518,78.86077359190571,0.0,14.46023965249812,1515.0944671608233,1920.8130672998311,125.23573354483023,No Alarm,None,None,Running,Healthy,Healthy,Healthy,Healthy,Healthy,Healthy,Healthy
2026-01-07 21:10:00,Evening,10666,1.232435210454506,78.94411481887977,0.0,13.512767754629985,1514.3709900224158,1931.5554643958721,125.64848977572865,No Alarm,None,None,Running,Healthy,Healthy,Healthy,Healthy,Healthy,Healthy,Healthy
2026-01-07 21:20:00,Evening,10641,1.1704785447016222,78.77841712532373,0.0,14.195958431465836,1510.8931693928646,1924.5871954748686,125.45183860016219,No Alarm,None,None,Running,Healthy,Healthy,Healthy,Warning,Healthy,Healthy,Warning
2026-01-07 21:30:00,Evening,10196,1.2458595306647888,78.2726972762511,0.0,15.20615370823013,1510.8442360271054,1931.44749397492,126.70337057587037,No Alarm,None,None,Running,Healthy,Healthy,Healthy,Healthy,Healthy,Healthy,Healthy
2026-01-07 21:40:00,Evening,10473,1.1719986360780226,78.82828830862336,15.0,13.936273795258073,1511.3746769985723,1936.9650180276833,125.13454718890958,Water Flow Alarm,Low,Process,Stopped,Healthy,Warning,Healthy,Healthy,Healthy,Healthy,Healthy
2026-01-07 21:50:00,Evening,10145,1.177713570078396,78.23057859736171,0.0,14.837348131142807,1505.9751355256033,1908.4054163607545,125.75079389932478,No Alarm,None,None,Running,Healthy,Healthy,Healthy,Healthy,Healthy,Healthy,Healthy
2026-01-07 22:00:00,Night,10365,1.2073472275242254,78.3005515612004,0.0,15.05267854162113,1510.4643335522906,1956.090993844989,123.0753226103921,No Alarm,None,None,Running,Healthy,Healthy,Healthy,Healthy,Healthy,Healthy,Healthy
2026-01-07 22:10:00,Night,10960,1.156113039846563,78.12297667701613,0.0,12.869963283777711,1506.770508926868,1942.294739886699,127.83167336614949,No Alarm,None,None,Running,Healthy,Healthy,Healthy,Healthy,Healthy,Warning,Healthy
2026-01-07 22:20:00,Night,10055,1.115446404197127,79.02281926069286,0.0,14.093935630975318,1509.1696000904503,1933.7924977102202,125.30424337524866,No Alarm,None,None,Running,Healthy,Healthy,Healthy,Healthy,Healthy,Healthy,Healthy
2026-01-07 22:30:00,Night,10872,1.135573231038294,78.76791666077003,0.0,13.544838496426356,1507.5890112173,1954.6004294225222,125.86471504365021,No Alarm,None,None,Running,Healthy,Healthy,Healthy,Healthy,Healthy,Warning,Healthy
2026-01-07 22:40:00,Night,10678,1.1311794217517883,78.77904718802198,0.0,14.479725043330713,1509.2120787028362,1936.8512940978358,126.76343231385692,No Alarm,None,None,Running,Healthy,Healthy,Healthy,Healthy,Healthy,Healthy,Healthy
2026-01-07 22:50:00,Night,10749,1.0847429603430303,79.06858969781767,0.0,12.661991130877812,1508.0732928347347,1940.964099217915,125.02041105383105,No Alarm,None,None,Running,Warning,Healthy,Healthy,Healthy,Healthy,Healthy,Healthy
2026-01-07 23:00:00,Night,10283,1.1115227401889898,79.73734697683086,0.0,13.91503882933403,1499.932485935776,1936.1029331306434,125.99268025170524,No Alarm,None,None,Running,Healthy,Healthy,Warning,Healthy,Healthy,Healthy,Healthy
2026-01-07 23:10:00,Night,10950,1.0905394763000578,77.98081030243658,0.0,13.433529123530167,1507.9177768326688,1953.1339984757021,122.32623212054632,No Alarm,None,None,Running,Warning,Healthy,Healthy,Healthy,Warning,Healthy,Healthy
2026-01-07 23:20:00,Night,10254,1.1342582777476993,78.43063251267422,6.0,14.390399791311472,1508.950235584584,1938.8190423702695,126.21188770567565,Roller Jam,Medium,Mechanical,Stopped,Healthy,Warning,Healthy,Healthy,Healthy,Healthy,Healthy
2026-01-07 23:30:00,Night,10504,1.101422346907171,78.54983773284735,0.0,13.855067430695579,1508.3531136053796,1940.4194524769373,124.12496376409634,No Alarm,None,None,Running,Fault,Healthy,Healthy,Healthy,Healthy,Healthy,Healthy
2026-01-07 23:40:00,Night,10037,1.0859096603052176,78.5346586766503,0.0,13.395255831300203,1506.894667625654,1948.2442340807684,122.52868942514911,No Alarm,None,None,Running,Healthy,Healthy,Healthy,Healthy,Healthy,Healthy,Healthy
2026-01-07 23:50:00,Night,10888,1.085389197720161,78.53044005908994,0.0,12.491974351671042,1511.188994558804,1942.5139355795645,123.4221990512906,No Alarm,None,None,Running,Healthy,Healthy,Healthy,Healthy,Healthy,Healthy,Healthy
2026-01-08 00:00:00,Night,10705,1.089638974689991,78.93530678296618,0.0,12.586441609202167,1507.814267890976,1936.4487948628255,119.72709263118341,No Alarm,None,None,Running,Healthy,Healthy,Healthy,Healthy,Healthy,Healthy,Healthy
2026-01-08 00:10:00,Night,10163,1.0960273043097537,78.66877871001412,0.0,13.291620446507368,1508.1021693225211,1944.653600312013,120.18918214611818,No Alarm,None,None,Running,Healthy,Healthy,Healthy,Healthy,Healthy,Healthy,Warning
2026-01-08 00:20:00,Night,10663,1.0423327129314788,79.3955510748221,0.0,13.023362992892775,1509.611342683691,1954.8063105126205,121.66933524376824,No Alarm,None,None,Running,Healthy,Healthy,Healthy,Healthy,Healthy,Healthy,Healthy
2026-01-08 00:30:00,Night,10183,1.036117331124587,79.39345265623753,0.0,12.525693076017957,1507.9187178757,1935.6124307699995,117.09711443957463,No Alarm,None,None,Running,Healthy,Healthy,Healthy,Healthy,Healthy,Warning,Healthy
2026-01-08 00:40:00,Night,10445,1.0958011977047892,79.68077721411069,0.0,14.13516332271549,1504.7992786724283,1932.434993053079,119.41810649032438,No Alarm,None,None,Running,Healthy,Healthy,Healthy,Healthy,Healthy,Healthy,Healthy
2026-01-08 00:50:00,Night,10513,1.0458560722570711,79.81060050936973,0.0,12.87774625976521,1501.0004522501438,1931.153741980328,118.804673034103,No Alarm,None,None,Running,Healthy,Healthy,Healthy,Healthy,Healthy,Healthy,Healthy
2026-01-08 01:00:00,Night,10932,1.0115694525160137,79.9705793046772,0.0,11.969109249104514,1505.9752214025457,1938.4276289722625,119.96796121024134,No Alarm,None,None,Running,Healthy,Healthy,Healthy,Healthy,Healthy,Warning,Healthy
2026-01-08 01:10:00,Night,10333,1.0635336229989076,79.70375866526739,0.0,13.099502882394809,1509.1616912073334,1921.1819283182592,115.16810345925718,No Alarm,None,None,Running,Healthy,Healthy,Healthy,Healthy,Healthy,Healthy,Healthy
2026-01-08 01:20:00,Night,10013,1.060572748424196,80.82634467205312,0.0,13.415261240724037,1506.4872379493797,1921.6648829934554,118.49126603649542,No Alarm,None,None,Running,Healthy,Healthy,Healthy,Healthy,Warning,Healthy,Healthy
2026-01-08 01:30:00,Night,10433,0.9975214416817793,80.19657830009012,0.0,12.696437324199449,1509.502647173339,1909.4016483680653,115.41477693419286,No Alarm,None,None,Running,Healthy,Healthy,Warning,Healthy,Healthy,Healthy,Healthy
2026-01-08 01:40:00,Night,10927,1.0474273913800183,79.48201697846484,0.0,14.40770778464542,1508.0199909879595,1909.9436035246742,115.11526950911673,No Alarm,None,None,Running,Healthy,Healthy,Healthy,Healthy,Healthy,Healthy,Healthy
2026-01-08 01:50:00,Night,10799,1.0600482167563445,79.94869005487938,0.0,12.782366171451912,1511.035180774209,1912.8992459492895,113.79426159917224,No Alarm,None,None,Running,Healthy,Healthy,Healthy,Healthy,Healthy,Healthy,Healthy
2026-01-08 02:00:00,Night,10060,1.0469957511929238,79.7736419780385,0.0,13.036011826798267,1507.2617776002828,1914.1455369626462,113.61158427116109,No Alarm,None,None,Running,Healthy,Healthy,Healthy,Healthy,Healthy,Healthy,Healthy
2026-01-08 02:10:00,Night,10054,1.0528595248984192,80.59371893371421,0.0,13.459030824003838,1509.3711570099906,1926.232252559374,115.10836097434189,No Alarm,None,None,Running,Healthy,Healthy,Healthy,Healthy,Healthy,Healthy,Healthy
2026-01-08 02:20:00,Night,10757,0.990266171117548,80.65093236204514,0.0,12.36193106752878,1509.6861243402705,1913.8004142631646,113.05017717540963,No Alarm,None,None,Running,Healthy,Healthy,Healthy,Healthy,Warning,Healthy,Healthy
2026-01-08 02:30:00,Night,10721,1.041182499763422,80.62029764175308,0.0,12.664348544850718,1512.4111511406109,1899.6064676163144,115.09026145827276,No Alarm,None,None,Running,Healthy,Healthy,Healthy,Healthy,Healthy,Warning,Healthy
2026-01-08 02:40:00,Night,10558,1.0213961674742509,81.71444627519809,0.0,11.682972069987166,1504.6421418038558,1898.439206625103,113.28123828246045,No Alarm,None,None,Running,Healthy,Healthy,Healthy,Healthy,Healthy,Healthy,Healthy
2026-01-08 02:50:00,Night,10089,1.015583330829156,81.22576057469452,0.0,12.337207444027339,1508.029527984024,1912.602054909225,112.55521693378228,No Alarm,None,None,Running,Healthy,Healthy,Healthy,Healthy,Healthy,Healthy,Healthy
2026-01-08 03:00:00,Night,10281,1.0561460474795572,81.38571513330828,0.0,12.450233904592006,1511.5782106296017,1907.9508366280747,113.37138801925,No Alarm,None,None,Running,Healthy,Healthy,Healthy,Healthy,Healthy,Healthy,Healthy
2026-01-08 03:10:00,Night,10848,1.0747401425903498,80.8043530760017,0.0,12.225627105592727,1513.6168880736052,1896.5017599736914,114.46261158543061,No Alarm,None,None,Running,Warning,Healthy,Healthy,Healthy,Healthy,Healthy,Healthy
2026-01-08 03:20:00,Night,10140,1.0848946953911092,80.85046382473088,0.0,13.004208503219454,1510.6606690635774,1890.0914983113796,113.83890787641944,No Alarm,None,None,Running,Healthy,Healthy,Warning,Healthy,Warning,Healthy,Healthy
2026-01-08 03:30:00,Night,10202,1.0715765096490115,81.32950691252427,0.0,12.661742166076126,1509.6494194805803,1900.014615094844,114.38418689752724,No Alarm,None,None,Running,Healthy,Healthy,Healthy,Healthy,Healthy,Healthy,Healthy
2026-01-08 03:40:00,Night,10453,1.0302726235273982,81.43952533357547,0.0,13.287058375797542,1512.606210067818,1880.4918956372035,115.40650820213416,No Alarm,None,None,Running,Healthy,Healthy,Healthy,Healthy,Healthy,Healthy,Healthy
2026-01-08 03:50:00,Night,10735,1.0459379052862938,80.67382499312454,0.0,13.494988102268678,1513.2281193209328,1889.0494814370375,116.15213366369962,No Alarm,None,None,Running,Healthy,Healthy,Healthy,Healthy,Warning,Healthy,Healthy
2026-01-08 04:00:00,Night,10829,1.0605063855487542,81.38042388251047,0.0,12.623614316652816,1510.510013962518,1901.631820426638,114.81470707058948,No Alarm,None,None,Running,Healthy,Healthy,Healthy,Healthy,Healthy,Healthy,Healthy
2026-01-08 04:10:00,Night,10592,1.043629564555518,81.4842913027848,0.0,12.863209515549789,1512.596717175496,1882.7042300843375,114.31544023048025,No Alarm,None,None,Running,Fault,Healthy,Healthy,Healthy,Healthy,Healthy,Healthy
2026-01-08 04:20:00,Night,10493,1.046749115071633,81.40845603297704,0.0,11.783594074916637,1515.092118733053,1872.5514853728932,116.08578324885796,No Alarm,None,None,Running,Healthy,Healthy,Healthy,Healthy,Healthy,Healthy,Healthy
2026-01-08 04:30:00,Night,10386,1.0707014450449943,81.17464018748515,0.0,13.037730097934544,1517.2439462516954,1879.8286686176596,117.02523453542047,No Alarm,None,None,Running,Healthy,Healthy,Healthy,Healthy,Healthy,Healthy,Healthy
2026-01-08 04:40:00,Night,10044,1.0476939728679846,81.2792523182111,0.0,13.37546199134145,1514.7575135684567,1870.6792096802196,115.2089357861751,No Alarm,None,None,Running,Healthy,Healthy,Healthy,Healthy,Healthy,Healthy,Healthy
2026-01-08 04:50:00,Night,10268,1.0313876357329166,81.40901635355914,0.0,13.469801969391328,1513.3997972178286,1861.2934742518664,116.42478394680066,No Alarm,None,None,Running,Healthy,Healthy,Warning,Healthy,Healthy,Healthy,Healthy
2026-01-08 05:00:00,Night,10215,1.0449243276177909,81.49050351456195,0.0,12.562421138038466,1513.5469863260882,1876.1842258774138,117.1872413584676,No Alarm,None,None,Running,Healthy,Healthy,Healthy,Healthy,Healthy,Healthy,Healthy
2026-01-08 05:10:00,Night,10058,1.0807539636544745,81.66043095838924,0.0,14.245722948050194,1515.4716838272095,1877.7788747102713,118.37711183886431,No Alarm,None,None,Running,Healthy,Healthy,Healthy,Healthy,Healthy,Healthy,Healthy
2026-01-08 05:20:00,Night,10746,1.0664769314687195,81.80534253304575,12.0,12.269977298299564,1514.1873325349156,1864.7476624618655,118.30321418599752,Water Flow Alarm,Low,Process,Stopped,Warning,Healthy,Healthy,Healthy,Healthy,Healthy,Healthy
2026-01-08 05:30:00,Night,10354,1.0815019104864136,81.20021748127623,0.0,12.645434421679516,1515.3502465363306,1862.761315448217,120.66268906941666,No Alarm,None,None,Running,Healthy,Healthy,Healthy,Healthy,Healthy,Healthy,Healthy
2026-01-08 05:40:00,Night,10510,1.0965493192027251,81.07130343102335,0.0,14.203629795980579,1512.6313948473833,1856.7829988330711,118.48772173702554,No Alarm,None,None,Running,Healthy,Healthy,Healthy,Healthy,Healthy,Healthy,Healthy
2026-01-08 05:50:00,Night,10201,1.0705799860345517,81.35593584739873,0.0,14.55203468542617,1518.917978649885,1862.130186380577,119.11372515369361,No Alarm,None,None,Running,Healthy,Healthy,Healthy,Healthy,Healthy,Healthy,Warning
2026-01-08 06:00:00,Morning,10592,1.1101013246584646,81.34412344667429,0.0,14.221668949959394,1513.2224360032935,1857.8477922286454,121.19414156092101,No Alarm,None,None,Running,Healthy,Healthy,Warning,Warning,Healthy,Healthy,Healthy
2026-01-08 06:10:00,Morning,10136,1.1045609250414536,80.83738422853212,0.0,13.778771892444361,1515.3874988967425,1853.4428317599923,121.95351051846606,No Alarm,None,None,Running,Healthy,Healthy,Warning,Healthy,Healthy,Healthy,Healthy
2026-01-08 06:20:00,Morning,10678,1.0621082985073538,81.23148349608017,0.0,11.739725108776376,1517.1029732453733,1876.0237074633528,120.96658207564037,No Alarm,None,None,Running,Healthy,Healthy,Healthy,Healthy,Warning,Healthy,Healthy
2026-01-08 06:30:00,Morning,10739,1.148535774805735,81.20506919156631,0.0,12.940984245841253,1522.2230225812448,1864.147336959762,122.50481799805549,No Alarm,None,None,Running,Healthy,Healthy,Healthy,Healthy,Healthy,Healthy,Healthy
2026-01-08 06:40:00,Morning,10312,1.0964962591592404,81.22217439297,12.0,13.796789915317614,1516.5698004886804,1864.6994593257489,123.24012368039288,Water Flow Alarm,Medium,Electrical,Stopped,Healthy,Healthy,Healthy,Healthy,Healthy,Healthy,Healthy
2026-01-08 06:50:00,Morning,10213,1.0682364507821038,81.3041964513731,0.0,13.102311766076475,1516.33585608318,1867.0695765307955,123.70069561545294,No Alarm,None,None,Running,Warning,Healthy,Healthy,Healthy,Healthy,Warning,Healthy
2026-01-08 07:00:00,Morning,10781,1.093007790972479,80.12955515774773,0.0,12.888512759649505,1516.9907403158077,1866.230452601378,124.76449605141264,No Alarm,None,None,Running,Healthy,Healthy,Healthy,Healthy,Healthy,Healthy,Healthy
2026-01-08 07:10:00,Morning,10224,1.1002766568429203,80.3616299343622,0.0,13.79933101711754,1522.873494816616,1856.9945018997,124.15214451962123,No Alarm,None,None,Running,Healthy,Healthy,Healthy,Warning,Healthy,Healthy,Healthy
2026-01-08 07:20:00,Morning,10179,1.13908103136185,80.23805948447962,0.0,14.319104849278592,1512.0445400131184,1862.893403012723,127.03382446185078,No Alarm,None,None,Running,Healthy,Healthy,Healthy,Healthy,Healthy,Healthy,Healthy
2026-01-08 07:30:00,Morning,10341,1.1359466582486022,80.07017580805416,0.0,14.860424336085718,1516.9075316694968,1859.1488829700954,126.1080878036453,No Alarm,None,None,Running,Fault,Healthy,Healthy,Healthy,Healthy,Healthy,Healthy
2026-01-08 07:40:00,Morning,10967,1.1407215693481458,79.72479757825182,0.0,14.354641214960713,1526.5705340329653,1865.5689119570147,124.76035092630839,No Alarm,None,None,Running,Healthy,Healthy,Warning,Healthy,Healthy,Healthy,Healthy
2026-01-08 07:50:00,Morning,10463,1.1760793919467591,79.26548301298537,5.0,15.560868457168558,1521.535599693092,1865.7233605953832,125.99170471153678,Mold Level Low,Low,Process,Stopped,Healthy,Healthy,Healthy,Healthy,Healthy,Warning,Healthy
2026-01-08 08:00:00,Morning,10263,1.1743232922280205,79.77295834848871,0.0,14.684636973534424,1517.596871033399,1861.0216106855146,126.11777913047716,No Alarm,None,None,Running,Healthy,Healthy,Healthy,Healthy,Warning,Healthy,Healthy
2026-01-08 08:10:00,Morning,10514,1.1802035751861213,79.30655612193144,0.0,14.671810193461381,1520.547075557566,1854.7011347273906,127.4576564634831,No Alarm,None,None,Running,Warning,Healthy,Healthy,Healthy,Healthy,Healthy,Healthy
2026-01-08 08:20:00,Morning,10349,1.189548159690075,79.52898730363654,0.0,15.614370526498965,1521.0964173015834,1867.9120599879216,125.2506118016394,No Alarm,None,None,Running,Healthy,Healthy,Healthy,Healthy,Healthy,Healthy,Healthy
2026-01-08 08:30:00,Morning,10665,1.2021844194041464,79.06117178186753,0.0,14.342396626522827,1523.304188009501,1866.6624045203948,126.80329621103286,No Alarm,None,None,Running,Healthy,Healthy,Healthy,Healthy,Warning,Healthy,Healthy
2026-01-08 08:40:00,Morning,10439,1.12680486573776,78.82743661538885,0.0,16.055174039008314,1526.0332549459836,1854.868831328736,125.78535830880939,No Alarm,None,None,Running,Healthy,Healthy,Healthy,Healthy,Healthy,Healthy,Healthy
2026-01-08 08:50:00,Morning,10589,1.1853298458902617,79.25461530394698,0.0,15.079303308344986,1522.635421287491,1875.8816726965858,127.32035236917889,No Alarm,None,None,Running,Healthy,Healthy,Healthy,Healthy,Healthy,Healthy,Healthy
2026-01-08 09:00:00,Morning,10437,1.1369334686950547,79.12068431658835,0.0,14.478248835674556,1520.5274568374816,1881.4968810611722,126.8196232505948,No Alarm,None,None,Running,Healthy,Healthy,Healthy,Healthy,Healthy,Healthy,Healthy
2026-01-08 09:10:00,Morning,10482,1.2093368446479957,79.1979700503332,0.0,15.484277739880765,1524.0403354734276,1896.0712777781914,125.19434800249286,No Alarm,None,None,Running,Healthy,Warning,Healthy,Healthy,Healthy,Healthy,Healthy
2026-01-08 09:20:00,Morning,10448,1.2138515806043348,79.75371893990751,0.0,16.487140290286334,1520.505011521624,1874.892446113644,124.28111459561754,No Alarm,None,None,Running,Healthy,Healthy,Healthy,Healthy,Healthy,Healthy,Healthy
2026-01-08 09:30:00,Morning,10394,1.2508946099757572,78.91118304379111,0.0,16.190937812867787,1519.8271955873104,1875.9875748429517,124.79574148491601,No Alarm,None,None,Running,Healthy,Warning,Healthy,Healthy,Healthy,Healthy,Warning
2026-01-08 09:40:00,Morning,10964,1.2604812060898551,78.92352039331811,0.0,14.632475890820443,1518.1521407219097,1873.7846809081138,123.5213917561015,No Alarm,None,None,Running,Healthy,Healthy,Healthy,Healthy,Healthy,Healthy,Healthy
2026-01-08 09:50:00,Morning,10266,1.2360279925165572,78.2365015075861,7.0,16.432779175794217,1518.7615896407735,1886.769001449121,125.26706953234527,Mold Level Low,Medium,Electrical,Stopped,Healthy,Healthy,Warning,Healthy,Healthy,Healthy,Healthy
2026-01-08 10:00:00,Morning,10806,1.2197797959360372,78.10004935327936,0.0,15.008619843588953,1520.5366134321257,1889.2244269808546,122.82515438559601,No Alarm,None,None,Running,Warning,Healthy,Healthy,Healthy,Healthy,Warning,Healthy
2026-01-08 10:10:00,Morning,10710,1.253929716655952,79.20484419191695,7.0,15.749130009186926,1519.9171273333513,1883.6765907693866,121.69722126713046,Water Flow Alarm,High,Process,Stopped,Healthy,Healthy,Healthy,Healthy,Healthy,Healthy,Warning
2026-01-08 10:20:00,Morning,10528,1.2278458317176677,78.16913351010622,8.0,14.45259511594816,1523.7089185910693,1891.3722885128354,121.06363472682922,Roller Jam,High,Mechanical,Stopped,Healthy,Healthy,Healthy,Healthy,Healthy,Healthy,Healthy
2026-01-08 10:30:00,Morning,10318,1.2476609870377116,78.09790405939822,13.0,15.96410375065812,1519.9717377876107,1879.5792821135576,119.57457225883822,Mold Level Low,Critical,Process,Stopped,Healthy,Healthy,Healthy,Healthy,Healthy,Healthy,Healthy
2026-01-08 10:40:00,Morning,10484,1.2810047876363704,78.4871015757844,0.0,15.556597842407342,1515.1355702215885,1905.4768999435335,121.10283447840011,No Alarm,None,None,Running,Healthy,Healthy,Healthy,Healthy,Healthy,Warning,Healthy
2026-01-08 10:50:00,Morning,10850,1.2380925429510647,78.46431525039311,0.0,15.54627553348374,1520.3894674882931,1894.5663232748268,118.85135263337325,No Alarm,None,None,Running,Healthy,Healthy,Healthy,Healthy,Healthy,Healthy,Healthy
2026-01-08 11:00:00,Morning,10182,1.2820775748570057,78.14744860239355,0.0,15.827100381960022,1521.8041148021946,1903.117126881698,120.555191498761,No Alarm,None,None,Running,Healthy,Healthy,Healthy,Healthy,Healthy,Healthy,Healthy
2026-01-08 11:10:00,Morning,10587,1.2809778277789237,78.40487289164298,0.0,17.35973180845164,1521.43470194661,1894.6283701269626,117.09555856219868,No Alarm,None,None,Running,Healthy,Healthy,Healthy,Healthy,Healthy,Healthy,Healthy
2026-01-08 11:20:00,Morning,10765,1.2344191608698278,79.04724764526141,0.0,16.81782172097476,1526.6918324345968,1904.0037854834102,118.22295531979272,No Alarm,None,None,Running,Warning,Healthy,Healthy,Healthy,Healthy,Healthy,Warning
2026-01-08 11:30:00,Morning,10634,1.2943379980242447,78.27176055829908,0.0,16.211784194453376,1521.2841309668997,1909.0080955821493,118.89300031367502,No Alarm,None,None,Running,Warning,Healthy,Healthy,Healthy,Healthy,Healthy,Healthy
2026-01-08 11:40:00,Morning,10145,1.2877812024443551,78.08510679491368,0.0,16.14204942851264,1524.925721755036,1913.6867500738895,114.39735351002099,No Alarm,None,None,Running,Fault,Healthy,Healthy,Warning,Healthy,Healthy,Healthy
2026-01-08 11:50:00,Morning,10509,1.2712245507833506,79.07745212695076,0.0,15.628896808347223,1522.5620778192842,1920.0859802353345,118.89946116647278,No Alarm,None,None,Running,Healthy,Healthy,Warning,Healthy,Healthy,Healthy,Healthy
2026-01-08 12:00:00,Morning,10184,1.2462750140293146,78.96419200982899,0.0,16.35264207941838,1522.3708738529258,1930.1595769153766,115.49988803446843,No Alarm,None,None,Running,Healthy,Healthy,Healthy,Healthy,Healthy,Warning,Healthy
2026-01-08 12:10:00,Morning,10929,1.2439788447816371,78.5944800128164,0.0,15.3194916505371,1520.2365985981971,1926.82467516605,115.75209694717336,No Alarm,None,None,Running,Healthy,Healthy,Healthy,Healthy,Warning,Healthy,Healthy
2026-01-08 12:20:00,Morning,10352,1.2538659363804565,78.29326711337558,0.0,15.378388112503718,1522.008197536086,1930.8831810134525,115.88520915390717,No Alarm,None,None,Running,Healthy,Healthy,Healthy,Healthy,Healthy,Healthy,Warning
2026-01-08 12:30:00,Morning,10422,1.286144173732042,78.71918412470785,0.0,16.761817176216,1520.0546345334353,1936.874564465179,115.73547785341852,No Alarm,None,None,Running,Healthy,Healthy,Healthy,Warning,Healthy,Warning,Healthy
2026-01-08 12:40:00,Morning,10858,1.240698248261962,79.09287344706998,0.0,15.13191873655287,1522.1872415133678,1931.8708332863632,114.90875260021167,No Alarm,None,None,Running,Healthy,Healthy,Healthy,Healthy,Healthy,Healthy,Healthy
2026-01-08 12:50:00,Morning,10427,1.2816247122641458,79.68488978869472,0.0,15.99388037918785,1520.949460593081,1928.905604403361,115.54707619337643,No Alarm,None,None,Running,Warning,Healthy,Warning,Healthy,Healthy,Healthy,Healthy
2026-01-08 13:00:00,Morning,10194,1.2300133758011311,78.91327699764823,0.0,14.268249650456445,1518.9400719828939,1939.028522512356,114.79967315428127,No Alarm,None,None,Running,Healthy,Healthy,Healthy,Healthy,Healthy,Warning,Healthy
2026-01-08 13:10:00,Morning,10894,1.25954884184887,79.4080552626334,0.0,16.237293764697093,1523.527183983649,1941.158537226618,116.17460287908092,No Alarm,None,None,Running,Healthy,Healthy,Healthy,Healthy,Healthy,Healthy,Healthy
2026-01-08 13:20:00,Morning,10648,1.2670082725989416,79.82974821422465,0.0,17.19621026491408,1521.8452401820896,1939.2371035409944,114.63243084899634,No Alarm,None,None,Running,Healthy,Healthy,Healthy,Healthy,Healthy,Healthy,Healthy
2026-01-08 13:30:00,Morning,10605,1.3347697910836127,78.72806648605136,0.0,17.189480149505012,1519.3742306560607,1923.7343989898905,116.36718639361314,No Alarm,None,None,Running,Healthy,Healthy,Healthy,Warning,Healthy,Healthy,Healthy
2026-01-08 13:40:00,Morning,10076,1.217449676079166,80.21718791782676,0.0,16.241380368272686,1520.5606355110779,1929.8054333761975,115.15475820935877,No Alarm,None,None,Running,Healthy,Healthy,Healthy,Healthy,Healthy,Warning,Healthy
2026-01-08 13:50:00,Morning,10450,1.2999472208480316,79.45515584032489,15.0,15.657068765276263,1519.676872441069,1935.341649561971,112.0296192741174,Mold Level Low,High,Mechanical,Stopped,Healthy,Healthy,Healthy,Healthy,Healthy,Warning,Healthy
2026-01-08 14:00:00,Evening,10460,1.256973275930517,80.18589565148326,0.0,15.877592946551202,1517.394763725941,1944.6140335508226,117.51088492259984,No Alarm,None,None,Running,Warning,Healthy,Healthy,Healthy,Healthy,Healthy,Healthy
2026-01-08 14:10:00,Evening,10263,1.2611881719166298,80.27636357985504,0.0,15.1046402018993,1519.4058869900045,1938.8723754508128,113.92556860673423,No Alarm,None,None,Running,Healthy,Healthy,Healthy,Healthy,Healthy,Healthy,Healthy
2026-01-08 14:20:00,Evening,10565,1.2484734392114636,80.73488449588318,0.0,15.446482108236355,1517.3324504654997,1948.630716451554,116.70046150628808,No Alarm,None,None,Running,Healthy,Healthy,Healthy,Healthy,Healthy,Healthy,Healthy
2026-01-08 14:30:00,Evening,10246,1.2540418969067202,80.64268989593565,0.0,16.216071745480754,1516.1682682721614,1950.374631542581,115.27988744660175,No Alarm,None,None,Running,Healthy,Warning,Healthy,Healthy,Healthy,Healthy,Healthy
2026-01-08 14:40:00,Evening,10471,1.2315867632176303,79.58974306920909,0.0,15.466108969392687,1514.1104828757882,1949.5860156999413,116.91045330863798,No Alarm,None,None,Running,Healthy,Healthy,Healthy,Healthy,Healthy,Healthy,Healthy
2026-01-08 14:50:00,Evening,10802,1.2750500730991696,80.34133428341157,0.0,14.949277197918764,1516.899764304398,1949.5992106062565,115.24397219612912,No Alarm,None,None,Running,Healthy,Healthy,Healthy,Healthy,Healthy,Healthy,Healthy
2026-01-08 15:00:00,Evening,10736,1.2127144265299548,80.82056706374397,0.0,14.238409957748008,1518.835601573549,1931.443657481139,117.29330802377554,No Alarm,None,None,Running,Healthy,Healthy,Healthy,Healthy,Healthy,Healthy,Healthy
2026-01-08 15:10:00,Evening,10280,1.2551198229811307,80.79202068283038,0.0,14.722183035220592,1515.2973745995375,1943.2088602641602,116.74540065116472,No Alarm,None,None,Running,Healthy,Healthy,Healthy,Healthy,Healthy,Healthy,Healthy
2026-01-08 15:20:00,Evening,10208,1.1963464462823548,81.15974629560755,0.0,15.298347391487148,1522.9465587736156,1933.920897245745,119.4803308984989,No Alarm,None,None,Running,Warning,Healthy,Healthy,Healthy,Healthy,Healthy,Healthy
2026-01-08 15:30:00,Evening,10006,1.2081919224916884,81.37641478724633,0.0,16.547125206105772,1518.4656541265692,1924.8496554793014,118.6723514388972,No Alarm,None,None,Running,Healthy,Healthy,Healthy,Healthy,Healthy,Healthy,Warning
2026-01-08 15:40:00,Evening,10346,1.1719774833609062,81.38865353127915,14.0,15.603439312811478,1519.1157903250614,1934.8344598593203,119.84802833931397,Mold Level Low,Medium,Electrical,Stopped,Healthy,Healthy,Healthy,Healthy,Healthy,Healthy,Warning
2026-01-08 15:50:00,Evening,10020,1.211756909026044,81.13621884935546,0.0,13.819771723423305,1517.4444605573412,1946.6591875262206,116.71969286172668,No Alarm,None,None,Running,Healthy,Healthy,Healthy,Healthy,Healthy,Healthy,Warning
2026-01-08 16:00:00,Evening,10129,1.2352813758757926,80.55156930427049,0.0,16.435770355096256,1519.6887628533457,1938.514077710939,119.81241428518919,No Alarm,None,None,Running,Healthy,Healthy,Healthy,Healthy,Warning,Healthy,Healthy
2026-01-08 16:10:00,Evening,10979,1.1832989386417054,81.16713301864671,0.0,15.446717024931571,1512.6892013745978,1949.582732012831,121.00712813418572,No Alarm,None,None,Running,Healthy,Healthy,Healthy,Healthy,Healthy,Healthy,Healthy
2026-01-08 16:20:00,Evening,10856,1.1732951711054211,81.56572929219719,0.0,13.584479676947634,1507.8558268417949,1933.3216452850354,121.37702835509165,No Alarm,None,None,Running,Healthy,Healthy,Healthy,Healthy,Healthy,Healthy,Healthy
2026-01-08 16:30:00,Evening,10560,1.1392552455500693,81.0031487264763,0.0,14.028449437678518,1512.7451756953592,1949.8080310583196,122.8452257504081,No Alarm,None,None,Running,Warning,Warning,Healthy,Healthy,Healthy,Healthy,Healthy
2026-01-08 16:40:00,Evening,10775,1.159236962772305,81.72199356634961,0.0,15.257327722700879,1514.861703747674,1929.8332974469863,121.8189943493688,No Alarm,None,None,Running,Warning,Warning,Healthy,Healthy,Healthy,Healthy,Healthy
2026-01-08 16:50:00,Evening,10490,1.1117041753702614,81.85279819643264,0.0,14.281605649782618,1513.4544511386569,1926.6542548217037,122.86030433578429,No Alarm,None,None,Running,Healthy,Warning,Healthy,Healthy,Healthy,Healthy,Healthy
2026-01-08 17:00:00,Evening,10602,1.1254446479141083,81.54980751618496,0.0,13.151691562254765,1513.3786514882374,1914.1829560762058,124.73491803536952,No Alarm,None,None,Running,Healthy,Healthy,Healthy,Healthy,Healthy,Healthy,Healthy
2026-01-08 17:10:00,Evening,10918,1.152968817884021,80.27276450634882,0.0,14.839629732607596,1515.6123300910815,1931.137758431747,121.06555839925426,No Alarm,None,None,Running,Healthy,Healthy,Healthy,Healthy,Healthy,Healthy,Healthy
2026-01-08 17:20:00,Evening,10079,1.1790817140640295,80.9758581572502,0.0,13.242271008543959,1512.8920076055444,1915.972568470893,124.95177689462773,No Alarm,None,None,Running,Healthy,Healthy,Healthy,Healthy,Healthy,Healthy,Healthy
2026-01-08 17:30:00,Evening,10352,1.2171660897492176,82.2200651519199,0.0,15.058600598835172,1513.5686108189232,1912.4606917488043,124.24605538733002,No Alarm,None,None,Running,Healthy,Healthy,Healthy,Healthy,Healthy,Healthy,Healthy
2026-01-08 17:40:00,Evening,10120,1.1087234529301329,81.2152985411796,0.0,14.655612900206695,1508.8654563690036,1925.4560627732426,123.90766785287113,No Alarm,None,None,Running,Warning,Healthy,Warning,Healthy,Healthy,Healthy,Healthy
2026-01-08 17:50:00,Evening,10795,1.1628843162727467,80.59862856653768,0.0,14.548929904309256,1508.1283758447046,1921.9735868474006,125.71205227244334,No Alarm,None,None,Running,Healthy,Healthy,Healthy,Healthy,Healthy,Healthy,Warning
2026-01-08 18:00:00,Evening,10823,1.1207352998797833,81.83509395072494,8.0,13.659934963523929,1514.5649724167483,1919.209345448167,127.03385258867709,Water Flow Alarm,High,Mechanical,Stopped,Healthy,Healthy,Healthy,Healthy,Warning,Healthy,Healthy
2026-01-08 18:10:00,Evening,10722,1.102595573749091,81.28573929429481,0.0,14.404987049504282,1510.4559424413803,1904.655427008284,127.00503267463824,No Alarm,None,None,Running,Healthy,Healthy,Healthy,Healthy,Healthy,Healthy,Healthy
2026-01-08 18:20:00,Evening,10609,1.1139533859071402,81.6528888137407,0.0,14.606743594399859,1508.3316049198434,1904.5116144658393,125.73554085119348,No Alarm,None,None,Running,Healthy,Healthy,Healthy,Healthy,Healthy,Healthy,Warning
2026-01-08 18:30:00,Evening,10478,1.0968268671800399,81.24380739858165,0.0,14.627363624757365,1508.0349540634368,1901.7851955158267,127.0292544222605,No Alarm,None,None,Running,Healthy,Healthy,Warning,Healthy,Healthy,Healthy,Healthy
2026-01-08 18:40:00,Evening,10024,1.092444868686917,81.23069522390459,0.0,14.267600558498934,1507.6779209930255,1905.8587268194776,127.04100167179777,No Alarm,None,None,Running,Healthy,Healthy,Healthy,Healthy,Healthy,Healthy,Healthy
2026-01-08 18:50:00,Evening,10775,1.0712344390900634,81.09945439797467,0.0,14.147392844381795,1507.2548649542073,1909.3634328208652,125.85548637272286,No Alarm,None,None,Running,Warning,Healthy,Healthy,Healthy,Healthy,Healthy,Healthy
2026-01-08 19:00:00,Evening,10894,1.0360978233973095,81.13360224619385,0.0,13.464258782672644,1505.5608554432051,1897.23003956655,125.03009327248654,No Alarm,None,None,Running,Healthy,Healthy,Healthy,Healthy,Healthy,Healthy,Healthy
2026-01-08 19:10:00,Evening,10966,1.0265110745442734,81.66000398677542,0.0,13.017258486184947,1504.7747113294954,1907.4593386441968,124.9423980677042,No Alarm,None,None,Running,Healthy,Healthy,Healthy,Healthy,Healthy,Healthy,Healthy
2026-01-08 19:20:00,Evening,10342,1.0874340436845502,81.02666062738501,0.0,13.655581845891547,1507.8114709986876,1896.2501601494669,126.49599262796825,No Alarm,None,None,Running,Healthy,Healthy,Warning,Healthy,Healthy,Healthy,Healthy
2026-01-08 19:30:00,Evening,10201,1.0548060862733346,79.89091886806588,0.0,13.018994275048502,1506.60663593012,1884.6551527122,125.171022190543,No Alarm,None,None,Running,Healthy,Healthy,Healthy,Healthy,Warning,Healthy,Healthy
2026-01-08 19:40:00,Evening,10654,1.0407629328017032,80.58288548149321,0.0,12.160878854879481,1510.664091506907,1890.6840109087213,123.6450369761412,No Alarm,None,None,Running,Healthy,Healthy,Healthy,Healthy,Healthy,Warning,Healthy
2026-01-08 19:50:00,Evening,10018,1.0547211649212924,80.73917399748512,0.0,12.51529650534229,1508.4538834310192,1895.2934571301905,122.50851377714885,No Alarm,None,None,Running,Healthy,Healthy,Healthy,Healthy,Warning,Healthy,Healthy
2026-01-08 20:00:00,Evening,10061,1.0744291422417742,80.64006159024119,0.0,13.232954140667532,1508.2276777323757,1895.305405422769,125.11317471074746,No Alarm,None,None,Running,Healthy,Healthy,Healthy,Healthy,Healthy,Warning,Healthy
2026-01-08 20:10:00,Evening,10822,1.05241404079243,79.86363545396743,0.0,13.324192021627077,1505.5683594163984,1886.5792640704983,123.00235516035077,No Alarm,None,None,Running,Healthy,Healthy,Healthy,Healthy,Healthy,Healthy,Healthy
2026-01-08 20:20:00,Evening,10957,1.0240612320931284,80.3753135047244,0.0,13.80933421976709,1507.004296953471,1875.156379281017,123.56191245727021,No Alarm,None,None,Running,Healthy,Healthy,Healthy,Healthy,Healthy,Healthy,Healthy
2026-01-08 20:30:00,Evening,10404,1.0775992962843752,80.15612021466207,0.0,13.44073314404183,1508.109307133148,1871.1955756920604,124.12842522081132,No Alarm,None,None,Running,Healthy,Healthy,Healthy,Healthy,Healthy,Healthy,Healthy
2026-01-08 20:40:00,Evening,10508,1.0855906180638102,80.69120978814216,0.0,14.272316129411992,1508.9167090349465,1875.636086285796,120.51901157176651,No Alarm,None,None,Running,Fault,Healthy,Healthy,Healthy,Healthy,Healthy,Healthy
2026-01-08 20:50:00,Evening,10545,1.0508012245327323,79.24172613394674,0.0,13.89053626616164,1506.8305857811647,1882.6464536002163,121.46362029813508,No Alarm,None,None,Running,Healthy,Healthy,Healthy,Healthy,Healthy,Healthy,Healthy
2026-01-08 21:00:00,Evening,10139,1.0632757729393154,79.22147122428728,0.0,13.128934403359288,1509.7220530368945,1871.0885333604401,120.72585118249454,No Alarm,None,None,Running,Healthy,Healthy,Healthy,Healthy,Healthy,Healthy,Healthy
2026-01-08 21:10:00,Evening,10223,1.0697837396028682,79.18868315310505,0.0,13.788579892994981,1507.0230803393117,1869.7622231165806,120.78997552345427,No Alarm,None,None,Running,Healthy,Healthy,Healthy,Healthy,Warning,Healthy,Warning
2026-01-08 21:20:00,Evening,10299,1.0652494753907635,79.00652227642482,0.0,13.14514881317714,1508.9840764094254,1865.1952342363127,121.2215359295941,No Alarm,None,None,Running,Healthy,Healthy,Healthy,Warning,Healthy,Healthy,Healthy
2026-01-08 21:30:00,Evening,10842,1.048957147749725,78.74361741936451,0.0,14.037459472726496,1505.796170575915,1860.975463527923,117.54211396197198,No Alarm,None,None,Running,Healthy,Healthy,Healthy,Healthy,Healthy,Healthy,Healthy
2026-01-08 21:40:00,Evening,10439,1.0480408872502531,77.897819081437,0.0,13.545601427414317,1502.5281165069935,1861.277780727308,119.23274413922535,No Alarm,None,None,Running,Healthy,Healthy,Warning,Healthy,Healthy,Healthy,Healthy
2026-01-08 21:50:00,Evening,10722,1.045606592385765,78.7391934323912,0.0,12.236743776540212,1507.7891181156429,1862.800801787727,119.21284363822627,No Alarm,None,None,Running,Healthy,Healthy,Healthy,Healthy,Healthy,Healthy,Healthy
2026-01-08 22:00:00,Night,10195,0.997393167654675,78.97854411945625,5.0,12.58048185219113,1509.009864369279,1874.7748129096587,117.19762411860853,Hydraulic Pressure Drop,Critical,Electrical,Stopped,Healthy,Healthy,Warning,Healthy,Healthy,Healthy,Healthy
2026-01-08 22:10:00,Night,10954,1.052000823702772,78.5593545716335,0.0,14.303688809561367,1508.732760657263,1858.5980575493365,116.72836744285443,No Alarm,None,None,Running,Healthy,Healthy,Healthy,Healthy,Healthy,Warning,Healthy
2026-01-08 22:20:00,Night,10884,0.9913377948634947,79.4652676233514,0.0,12.264860711610993,1508.466957103847,1860.5978397142685,116.89851139722776,No Alarm,None,None,Running,Healthy,Healthy,Healthy,Healthy,Healthy,Healthy,Healthy
2026-01-08 22:30:00,Night,10476,1.009571381524315,78.6400215343582,0.0,12.933042790120485,1506.6760884797304,1853.0920229744424,116.349227226265,No Alarm,None,None,Running,Healthy,Healthy,Healthy,Healthy,Healthy,Healthy,Healthy
2026-01-08 22:40:00,Night,10226,1.0742732234875407,79.10411485493302,0.0,13.81053048001166,1505.685382939474,1865.7638390455,116.21395611267248,No Alarm,None,None,Running,Warning,Healthy,Healthy,Healthy,Healthy,Healthy,Healthy
2026-01-08 22:50:00,Night,10977,1.0624841165481242,78.65510536358703,0.0,12.555415427436333,1509.2545024921517,1871.1575453473401,115.81316717527363,No Alarm,None,None,Running,Healthy,Healthy,Healthy,Healthy,Healthy,Healthy,Healthy
2026-01-08 23:00:00,Night,10809,1.0843585200129413,78.85399397826967,0.0,13.911977064611227,1509.1320419464096,1873.5901323489243,113.63432454159758,No Alarm,None,None,Running,Healthy,Healthy,Healthy,Healthy,Healthy,Healthy,Healthy
2026-01-08 23:10:00,Night,10511,1.0343856311694677,78.61826955008887,0.0,11.954135783194108,1506.871748845464,1862.7661756994955,115.72590174407729,No Alarm,None,None,Running,Warning,Healthy,Healthy,Healthy,Healthy,Healthy,Healthy
2026-01-08 23:20:00,Night,10268,1.0110992829359564,79.04759367645035,0.0,12.200804162218478,1511.2724417179472,1866.4518541322166,115.71719105550652,No Alarm,None,None,Running,Healthy,Healthy,Healthy,Healthy,Healthy,Healthy,Healthy
2026-01-08 23:30:00,Night,10622,1.041906451151082,78.52637254480324,0.0,13.776836716634461,1506.532851542162,1861.5158392313283,114.3766021926217,No Alarm,None,None,Running,Healthy,Healthy,Healthy,Healthy,Healthy,Healthy,Healthy
2026-01-08 23:40:00,Night,10371,1.0559446041563563,78.71674496941547,0.0,13.449036955170303,1507.5379876666589,1868.0211330192017,112.25498607820752,No Alarm,None,None,Running,Warning,Healthy,Warning,Healthy,Healthy,Healthy,Healthy
2026-01-08 23:50:00,Night,10675,1.0593170895930932,78.68941339416052,0.0,13.028329154491097,1513.359644812904,1867.5222892851737,113.86441801658096,No Alarm,None,None,Running,Healthy,Healthy,Healthy,Healthy,Healthy,Healthy,Healthy
2026-01-09 00:00:00,Night,10833,1.0953087307647944,78.46226260484414,0.0,14.003881849431561,1511.7261478554776,1866.8457186458631,114.24946923945089,No Alarm,None,None,Running,Healthy,Healthy,Healthy,Healthy,Healthy,Healthy,Healthy
2026-01-09 00:10:00,Night,10490,1.0550847921725661,78.78413850695428,0.0,13.146495328728484,1508.9593914071197,1869.000037218953,112.71651955471827,No Alarm,None,None,Running,Warning,Healthy,Healthy,Healthy,Healthy,Healthy,Warning
2026-01-09 00:20:00,Night,10049,1.08136795806812,79.57003176662306,0.0,13.525904427497782,1510.8854493902118,1873.174412767231,113.79078218505528,No Alarm,None,None,Running,Healthy,Healthy,Healthy,Healthy,Healthy,Healthy,Healthy
2026-01-09 00:30:00,Night,10563,1.0462764886371456,78.63143738052308,0.0,13.538229076668417,1510.878641160649,1869.0020849195002,112.72233501289256,No Alarm,None,None,Running,Healthy,Healthy,Healthy,Healthy,Healthy,Healthy,Healthy
2026-01-09 00:40:00,Night,10859,1.0948017366222107,78.97944874407463,0.0,13.175864289316241,1503.9635573208614,1871.3388625732762,115.38877704378274,No Alarm,None,None,Running,Healthy,Healthy,Healthy,Healthy,Healthy,Healthy,Healthy
2026-01-09 00:50:00,Night,10224,1.0869543964650257,79.39508856405519,0.0,13.615165439701103,1508.9077673906802,1888.9799822768157,115.15897609883004,No Alarm,None,None,Running,Healthy,Healthy,Healthy,Healthy,Healthy,Healthy,Warning
2026-01-09 01:00:00,Night,10960,1.070130484397791,79.43608264527363,0.0,13.15804331874773,1511.4027591294214,1899.1573530195262,113.33505298568862,No Alarm,None,None,Running,Healthy,Healthy,Warning,Healthy,Warning,Healthy,Healthy
2026-01-09 01:10:00,Night,10363,1.091490786416091,79.07975161386071,0.0,12.533712467980958,1511.0029438922409,1870.0900189996885,116.12877468167953,No Alarm,None,None,Running,Warning,Healthy,Healthy,Healthy,Healthy,Healthy,Healthy
2026-01-09 01:20:00,Night,10685,1.0991398847353495,78.2232127226187,0.0,13.09492952981736,1512.8845881083732,1871.9912386154845,116.0791242438137,No Alarm,None,None,Running,Healthy,Healthy,Healthy,Healthy,Healthy,Healthy,Healthy
2026-01-09 01:30:00,Night,10702,1.1027998794701397,79.49046745623038,0.0,14.882743006321428,1515.4697280886778,1876.8315119611575,117.24504880490723,No Alarm,None,None,Running,Healthy,Healthy,Healthy,Healthy,Healthy,Healthy,Healthy
2026-01-09 01:40:00,Night,10183,1.1704047808262041,78.5081855787054,0.0,14.899366080537215,1512.2272571729902,1886.1530670246855,116.6676478006622,No Alarm,None,None,Running,Healthy,Healthy,Warning,Healthy,Healthy,Warning,Healthy
2026-01-09 01:50:00,Night,10039,1.1207721830724595,80.10033131713287,0.0,13.083140477424772,1510.7769552056636,1896.6941062120657,116.71644778230493,No Alarm,None,None,Running,Healthy,Healthy,Healthy,Healthy,Warning,Healthy,Healthy
2026-01-09 02:00:00,Night,10949,1.1229507725054684,79.69991157027583,0.0,12.958636593224467,1514.6271633508245,1896.8528990383988,117.31714428115008,No Alarm,None,None,Running,Healthy,Healthy,Healthy,Warning,Healthy,Healthy,Warning
2026-01-09 02:10:00,Night,10701,1.0739471063858983,80.1543104568945,0.0,13.34582409974632,1513.395379676574,1896.1291344521755,118.17785212061264,No Alarm,None,None,Running,Healthy,Warning,Healthy,Healthy,Warning,Healthy,Healthy
2026-01-09 02:20:00,Night,10632,1.1166879061679205,79.51761950608409,0.0,15.051429400322544,1514.2206528089446,1901.6376914630882,119.43949868053801,No Alarm,None,None,Running,Healthy,Healthy,Healthy,Healthy,Healthy,Healthy,Healthy
2026-01-09 02:30:00,Night,10304,1.1422854285859356,79.38232759640258,0.0,14.147837162961148,1514.2812235820343,1894.5343632634065,120.19353696419822,No Alarm,None,None,Running,Healthy,Healthy,Healthy,Healthy,Healthy,Healthy,Healthy
2026-01-09 02:40:00,Night,10109,1.1362650075228287,80.23247584805942,0.0,15.118212281418169,1521.015072059713,1900.7826000994003,120.38604145848868,No Alarm,None,None,Running,Healthy,Healthy,Healthy,Warning,Healthy,Healthy,Healthy
2026-01-09 02:50:00,Night,10272,1.2049336646023516,80.23868664420678,0.0,15.308022347102456,1510.2075106068326,1905.227202002314,120.69969642861697,No Alarm,None,None,Running,Healthy,Healthy,Healthy,Healthy,Healthy,Healthy,Healthy
2026-01-09 03:00:00,Night,10548,1.1651345507744502,80.177715739495,0.0,14.894057205172752,1515.2352074444498,1895.342666180268,121.36670380313159,No Alarm,None,None,Running,Healthy,Healthy,Healthy,Warning,Healthy,Healthy,Healthy
2026-01-09 03:10:00,Night,10694,1.2152742910991405,80.52780260776446,0.0,14.255924282226058,1516.5905761037031,1901.3187385185176,125.36049632568856,No Alarm,None,None,Running,Healthy,Warning,Healthy,Warning,Healthy,Healthy,Healthy
2026-01-09 03:20:00,Night,10320,1.184928239886804,81.71709033670173,0.0,15.46786904380988,1515.0367002391495,1904.1823803026982,121.9657025808185,No Alarm,None,None,Running,Healthy,Healthy,Healthy,Healthy,Healthy,Healthy,Healthy
2026-01-09 03:30:00,Night,10215,1.1905480096411218,81.05586961807869,0.0,14.647397694422498,1519.6239059971758,1921.7550186086721,122.73147088434938,No Alarm,None,None,Running,Healthy,Healthy,Healthy,Healthy,Healthy,Healthy,Healthy
2026-01-09 03:40:00,Night,10250,1.1929996849427853,81.24879086045894,0.0,15.516660779312453,1519.7863359436437,1920.0227414994526,127.83014471622074,No Alarm,None,None,Running,Healthy,Healthy,Healthy,Healthy,Healthy,Healthy,Healthy
2026-01-09 03:50:00,Night,10962,1.2018689690236908,81.267744639629,0.0,14.453443125405856,1518.0057739850802,1925.2859040962517,124.82047534473996,No Alarm,None,None,Running,Fault,Healthy,Healthy,Healthy,Healthy,Healthy,Healthy
2026-01-09 04:00:00,Night,10631,1.2592507378422684,81.61667742964505,0.0,15.864568766285293,1517.8126336536234,1907.9270655575076,123.05390553300343,No Alarm,None,None,Running,Healthy,Healthy,Healthy,Healthy,Healthy,Healthy,Healthy
2026-01-09 04:10:00,Night,10991,1.1438523720631129,81.03647340037197,0.0,14.544556718545254,1518.564861989181,1912.922058879166,126.06867033977903,No Alarm,None,None,Running,Healthy,Healthy,Healthy,Healthy,Healthy,Healthy,Healthy
2026-01-09 04:20:00,Night,10007,1.1589523733927578,80.37048580493557,0.0,14.379081345806366,1518.9286135905406,1932.1324631722744,124.26243006526822,No Alarm,None,None,Running,Healthy,Healthy,Healthy,Healthy,Healthy,Healthy,Healthy
2026-01-09 04:30:00,Night,10459,1.2080487683305507,81.18856843572794,0.0,15.383791239292194,1519.3299995360962,1906.5143439982369,126.6888814174244,No Alarm,None,None,Running,Healthy,Healthy,Healthy,Healthy,Healthy,Healthy,Healthy
2026-01-09 04:40:00,Night,10458,1.2298954798064994,81.65153701458222,0.0,15.187215544946486,1519.3799737611628,1940.3299949986251,125.53245030699775,No Alarm,None,None,Running,Healthy,Healthy,Healthy,Healthy,Healthy,Healthy,Healthy
2026-01-09 04:50:00,Night,10402,1.2550333434357646,80.992553559611,0.0,15.23357496581816,1520.7930118070087,1917.6000302034201,125.38763960392421,No Alarm,None,None,Running,Healthy,Healthy,Healthy,Healthy,Healthy,Healthy,Healthy
2026-01-09 05:00:00,Night,10392,1.2531331824872292,81.3539772480256,0.0,16.78800314904614,1522.343933655129,1940.443935264482,127.9170774992669,No Alarm,None,None,Running,Healthy,Healthy,Healthy,Healthy,Healthy,Healthy,Healthy
2026-01-09 05:10:00,Night,10080,1.2317491076887352,81.18197883990469,0.0,16.1311308525622,1517.670618681845,1927.9493981416513,126.67663514523159,No Alarm,None,None,Running,Healthy,Healthy,Healthy,Healthy,Healthy,Healthy,Healthy
2026-01-09 05:20:00,Night,10033,1.2778958980533819,82.08353763849749,0.0,15.441093404133548,1518.390612180513,1944.6544479046338,127.11549525508326,No Alarm,None,None,Running,Healthy,Healthy,Healthy,Healthy,Healthy,Healthy,Healthy
2026-01-09 05:30:00,Night,10779,1.2819782442545664,81.79625719404021,0.0,16.42263906709831,1516.9019396865544,1962.9725383632526,126.36133642375081,No Alarm,None,None,Running,Healthy,Healthy,Healthy,Healthy,Healthy,Healthy,Healthy
2026-01-09 05:40:00,Night,10441,1.260030040431458,81.76045291560634,0.0,15.230500307102417,1523.6795112729615,1920.0001142769518,125.1392785755969,No Alarm,None,None,Running,Healthy,Healthy,Healthy,Healthy,Healthy,Healthy,Healthy
2026-01-09 05:50:00,Night,10163,1.2865014824563348,81.74142996576829,0.0,15.25198928014056,1522.363328614592,1944.4571861240408,126.18273764025099,No Alarm,None,None,Running,Healthy,Healthy,Healthy,Healthy,Healthy,Healthy,Warning
2026-01-09 06:00:00,Morning,10348,1.2685824824865786,81.46048191713066,0.0,16.580947640061517,1523.2078514888753,1924.964701896408,126.62222540973131,No Alarm,None,None,Running,Fault,Healthy,Healthy,Healthy,Healthy,Healthy,Healthy
2026-01-09 06:10:00,Morning,10934,1.2459993403300398,81.52675653096802,0.0,14.382122016172314,1518.5607413305354,1943.2048100821737,125.00323860261082,No Alarm,None,None,Running,Healthy,Healthy,Healthy,Healthy,Healthy,Healthy,Warning
2026-01-09 06:20:00,Morning,10468,1.2858708489938695,80.93596469386326,0.0,16.722184751926946,1526.7688289592977,1938.3203546125985,126.62553489080965,No Alarm,None,None,Running,Healthy,Warning,Healthy,Healthy,Healthy,Healthy,Warning
2026-01-09 06:30:00,Morning,10991,1.2699925996204364,80.48797997380329,0.0,15.698001876454313,1520.938040765887,1941.019064922924,125.06156077095244,No Alarm,None,None,Running,Healthy,Healthy,Healthy,Healthy,Healthy,Healthy,Healthy
2026-01-09 06:40:00,Morning,10162,1.2680922505012369,81.36565073145248,0.0,15.703070509109091,1523.015745403272,1932.51596388446,123.83239145065946,No Alarm,None,None,Running,Healthy,Healthy,Healthy,Healthy,Healthy,Healthy,Healthy
2026-01-09 06:50:00,Morning,10123,1.3132542469289534,81.36921434800053,0.0,16.702503940348222,1524.8472712647385,1945.7055653360835,123.38108217490164,No Alarm,None,None,Running,Warning,Healthy,Warning,Healthy,Healthy,Healthy,Healthy
2026-01-09 07:00:00,Morning,10564,1.1961856685376688,81.64872055959555,0.0,15.359160025116836,1520.3406646930414,1927.350837795363,122.71450150807881,No Alarm,None,None,Running,Healthy,Healthy,Healthy,Healthy,Healthy,Healthy,Healthy
2026-01-09 07:10:00,Morning,10684,1.2274581139768466,81.71085984615647,0.0,14.764786200930347,1521.5195914369199,1948.1742702801537,120.49337209810088,No Alarm,None,None,Running,Fault,Healthy,Healthy,Warning,Healthy,Healthy,Warning
2026-01-09 07:20:00,Morning,10982,1.2342830929134088,81.62012390039546,0.0,15.930946587542655,1523.3909106211784,1934.1007435757956,121.3118817252154,No Alarm,None,None,Running,Healthy,Healthy,Healthy,Healthy,Healthy,Healthy,Healthy
2026-01-09 07:30:00,Morning,10466,1.258534001136283,80.49582828843712,0.0,15.811034390821195,1530.124389408476,1925.1207459919176,121.09631400749014,No Alarm,None,None,Running,Healthy,Healthy,Healthy,Healthy,Healthy,Healthy,Healthy
2026-01-09 07:40:00,Morning,10201,1.2609616683980163,80.65083298749472,0.0,14.882782499967577,1523.7512965015544,1947.9078299878688,119.73420796398261,No Alarm,None,None,Running,Healthy,Healthy,Healthy,Healthy,Healthy,Healthy,Healthy
2026-01-09 07:50:00,Morning,10542,1.2221822820084922,80.87507898912192,5.0,15.158366386600335,1527.0121733995302,1933.2595011934375,120.0390092605439,Water Flow Alarm,Critical,Electrical,Stopped,Healthy,Healthy,Healthy,Warning,Healthy,Healthy,Healthy
2026-01-09 08:00:00,Morning,10307,1.2362871896003689,81.58217347963816,0.0,16.42048518089586,1525.9882527525324,1947.559078410202,119.06331153606321,No Alarm,None,None,Running,Healthy,Healthy,Healthy,Healthy,Healthy,Warning,Healthy
2026-01-09 08:10:00,Morning,10180,1.2380991144688498,81.04396566832514,0.0,16.64985528963261,1523.8519633254793,1940.4250944443722,119.37973308487847,No Alarm,None,None,Running,Healthy,Healthy,Healthy,Healthy,Warning,Healthy,Warning
2026-01-09 08:20:00,Morning,10089,1.3353779938592751,80.77906267079742,0.0,17.194368843567013,1520.3969914351449,1922.4891438962518,118.67607201109739,No Alarm,None,None,Running,Healthy,Healthy,Warning,Healthy,Healthy,Healthy,Healthy
2026-01-09 08:30:00,Morning,10724,1.3130939093940392,80.05326705318939,0.0,15.580433425707632,1525.437736667692,1926.286172509816,117.53113440767048,No Alarm,None,None,Running,Warning,Healthy,Healthy,Healthy,Healthy,Healthy,Healthy
2026-01-09 08:40:00,Morning,10643,1.2437390865421483,79.73073455074874,0.0,15.890163413495976,1518.9419817374448,1925.9063709064708,115.16678055913181,No Alarm,None,None,Running,Healthy,Healthy,Healthy,Healthy,Healthy,Healthy,Warning
2026-01-09 08:50:00,Morning,10167,1.2419066295703685,80.274626628567,0.0,16.11943550233104,1526.5691362111438,1935.009674650078,118.46508792511702,No Alarm,None,None,Running,Healthy,Healthy,Healthy,Healthy,Healthy,Healthy,Healthy
2026-01-09 09:00:00,Morning,10559,1.2147433216231633,79.3941321584684,0.0,15.692287108612646,1522.9277390526686,1924.0592799464384,115.6915431561023,No Alarm,None,None,Running,Healthy,Healthy,Healthy,Healthy,Healthy,Healthy,Healthy
2026-01-09 09:10:00,Morning,10886,1.1880746883125273,79.61550467051538,8.0,15.400401605988133,1515.644378847879,1919.6380282870464,115.35168772869353,Mold Level Low,Low,Mechanical,Stopped,Healthy,Healthy,Healthy,Healthy,Healthy,Healthy,Healthy
2026-01-09 09:20:00,Morning,10819,1.2376172367346312,79.54345719966697,0.0,15.724499614656162,1521.2427133543663,1914.216217756603,114.67014014426617,No Alarm,None,None,Running,Healthy,Healthy,Healthy,Healthy,Healthy,Healthy,Healthy
2026-01-09 09:30:00,Morning,10454,1.2067119509669604,80.10787234189998,0.0,15.033210749905624,1523.5351577680674,1912.9281013113593,114.17663223674819,No Alarm,None,None,Running,Healthy,Healthy,Warning,Healthy,Healthy,Healthy,Healthy
2026-01-09 09:40:00,Morning,10058,1.2293585008404737,79.21384122775233,0.0,14.94112401337311,1521.096791030036,1921.2273635602282,116.34948605130583,No Alarm,None,None,Running,Healthy,Healthy,Healthy,Healthy,Healthy,Healthy,Healthy
2026-01-09 09:50:00,Morning,10635,1.1789016224811653,78.26950451320792,0.0,13.407715418063518,1523.2492078439595,1908.230398375838,115.94874773766423,No Alarm,None,None,Running,Healthy,Healthy,Healthy,Healthy,Healthy,Healthy,Healthy
2026-01-09 10:00:00,Morning,10517,1.1988150366641384,79.34170505107936,0.0,15.222937195001075,1519.092824632929,1902.4144717883844,114.66474224644992,No Alarm,None,None,Running,Healthy,Healthy,Healthy,Healthy,Healthy,Healthy,Healthy
2026-01-09 10:10:00,Morning,10922,1.2206783957410088,78.76101054634371,7.0,15.388716937319142,1517.693579381556,1898.4073208647123,113.9070819960573,Roller Jam,Critical,Electrical,Stopped,Warning,Healthy,Warning,Healthy,Healthy,Warning,Healthy
2026-01-09 10:20:00,Morning,10554,1.2215468544171035,78.9650223043462,0.0,15.659638770191165,1520.505678832083,1895.8291972092632,114.7432252780427,No Alarm,None,None,Running,Warning,Healthy,Healthy,Healthy,Warning,Healthy,Healthy
2026-01-09 10:30:00,Morning,10738,1.217238841588839,78.82794015894662,0.0,14.279204934555462,1520.4747557635767,1886.3773386223397,114.11298877086827,No Alarm,None,None,Running,Healthy,Healthy,Healthy,Healthy,Healthy,Healthy,Healthy
2026-01-09 10:40:00,Morning,10529,1.159085300596812,78.67568647392027,0.0,14.940077939980691,1519.2229431794574,1888.9365811746638,113.88001948374779,No Alarm,None,None,Running,Healthy,Healthy,Healthy,Healthy,Healthy,Healthy,Healthy
2026-01-09 10:50:00,Morning,10541,1.2181755594264059,79.03228178974969,0.0,16.665376059064616,1522.847462278191,1904.2949053077753,114.6567367334307,No Alarm,None,None,Running,Warning,Healthy,Healthy,Healthy,Healthy,Healthy,Healthy
2026-01-09 11:00:00,Morning,10318,1.1622324069615841,78.04288758800821,14.0,14.58282017856434,1517.3271007311587,1888.056884516047,113.92178498461344,Roller Jam,Critical,Mechanical,Stopped,Healthy,Healthy,Warning,Healthy,Healthy,Healthy,Healthy
2026-01-09 11:10:00,Morning,10403,1.198816446381609,78.39844353225254,0.0,14.942039856325533,1519.8977887157148,1892.7928252725337,115.00949808346377,No Alarm,None,None,Running,Healthy,Warning,Healthy,Healthy,Warning,Healthy,Healthy
2026-01-09 11:20:00,Morning,10296,1.1730114533174067,78.83776023576304,0.0,14.878944815727575,1518.9367701099122,1864.832389603535,115.26034085799289,No Alarm,None,None,Running,Healthy,Healthy,Warning,Healthy,Healthy,Healthy,Healthy
2026-01-09 11:30:00,Morning,10463,1.125466903768147,78.28737245440487,0.0,15.490972214399076,1514.5176106350623,1886.7819837234267,116.0970994703464,No Alarm,None,None,Running,Healthy,Healthy,Healthy,Healthy,Healthy,Healthy,Warning
2026-01-09 11:40:00,Morning,10952,1.1506488021755377,77.86852653650908,0.0,13.666556594004296,1514.7458586639236,1878.5966472473758,115.03513809032535,No Alarm,None,None,Running,Fault,Healthy,Healthy,Healthy,Warning,Healthy,Healthy
2026-01-09 11:50:00,Morning,10342,1.1644405781507348,78.76884122636403,0.0,14.697752080259917,1517.6996382710909,1873.7772802548802,117.07697606205993,No Alarm,None,None,Running,Healthy,Healthy,Healthy,Healthy,Healthy,Healthy,Healthy
2026-01-09 12:00:00,Morning,10464,1.165202822931362,78.95042760089709,0.0,14.005275091033674,1522.2426140731714,1876.9172023870933,115.62166907258177,No Alarm,None,None,Running,Healthy,Healthy,Healthy,Healthy,Healthy,Healthy,Healthy
2026-01-09 12:10:00,Morning,10947,1.1359282514538438,78.49336470785705,8.0,13.816199838581552,1518.3518191094029,1869.4526269569758,116.53947346521323,Water Flow Alarm,Critical,Mechanical,Stopped,Healthy,Warning,Healthy,Healthy,Healthy,Warning,Healthy
2026-01-09 12:20:00,Morning,10152,1.1794856510308034,77.74752937100226,0.0,14.708857422367686,1512.1988298999456,1854.4960289002947,117.13686532039657,No Alarm,None,None,Running,Healthy,Healthy,Healthy,Healthy,Healthy,Healthy,Healthy
2026-01-09 12:30:00,Morning,10253,1.1571828165896905,78.84494979363294,0.0,15.407911476500622,1508.3421876786651,1877.059488451573,117.05240089080594,No Alarm,None,None,Running,Healthy,Healthy,Healthy,Healthy,Healthy,Healthy,Healthy
2026-01-09 12:40:00,Morning,10494,1.1127541796727654,77.93927746060737,0.0,15.170120666391682,1517.5537372654826,1869.954821043197,120.14154291562886,No Alarm,None,None,Running,Healthy,Healthy,Healthy,Healthy,Healthy,Healthy,Healthy
2026-01-09 12:50:00,Morning,10410,1.1365449357467627,78.77711720366034,0.0,14.52051119807323,1515.0814626344954,1863.9704386482276,118.35453390618757,No Alarm,None,None,Running,Fault,Warning,Healthy,Healthy,Warning,Healthy,Healthy
2026-01-09 13:00:00,Morning,10342,1.165753519313377,78.35832145054296,0.0,14.308302685300774,1517.775249501274,1857.3727068632995,119.27816798564814,No Alarm,None,None,Running,Healthy,Warning,Healthy,Healthy,Healthy,Healthy,Warning
2026-01-09 13:10:00,Morning,10779,1.1603830855913166,78.31801095210932,0.0,16.24970577653842,1512.3205727593802,1852.118585206734,122.22165985370751,No Alarm,None,None,Running,Healthy,Healthy,Healthy,Healthy,Healthy,Healthy,Healthy
2026-01-09 13:20:00,Morning,10499,1.0587068253022094,78.6822761553158,0.0,12.934547179346952,1514.9993756218166,1864.6043277230585,120.62162862124408,No Alarm,None,None,Running,Healthy,Healthy,Warning,Healthy,Healthy,Healthy,Healthy
2026-01-09 13:30:00,Morning,10365,1.061897124694027,78.87073338331521,0.0,12.87391891862352,1515.8429447835158,1874.8216680040387,121.65866150745057,No Alarm,None,None,Running,Warning,Healthy,Healthy,Healthy,Healthy,Healthy,Warning
2026-01-09 13:40:00,Morning,10479,1.1285730624157553,78.7787100762392,0.0,12.864703148991833,1512.2156993386914,1862.8096341958565,121.2292741657405,No Alarm,None,None,Running,Healthy,Healthy,Healthy,Healthy,Healthy,Healthy,Healthy
2026-01-09 13:50:00,Morning,10887,1.0468130207099717,79.37090349922883,0.0,14.062426857345967,1511.8801550533565,1849.564821919826,123.97810992099782,No Alarm,None,None,Running,Healthy,Healthy,Healthy,Healthy,Healthy,Healthy,Healthy
